text,date,user_location
Gelaran Formula E di Jakarta akan dibarengi dengan konser hingga festival. Panitia mengaku terinspirasi gelaran For‚Ä¶ https://t.co/h3x9lFZdpq,2022-03-28 23:50:40,"Jakarta, Indonesia"
PT Jakarta Propertindo menurunkan kapasitas jumlah penonton yang bisa menonton langsung balapan mobil listrik itu.‚Ä¶ https://t.co/WxrnvArJys,2022-03-28 23:45:00,"Palmerah, Jakarta"
@HermanBudiSant4 @Boediantar4 @marlina_idha @Mdy_Asmara1701 @tatakujiyati @penikmatko_pi @SahabatDrZARRIL‚Ä¶ https://t.co/os9Nkv3Ll2,2022-03-28 23:26:45,
Tiket perhelatan Formula E belum dijual saat balapan digelar kurang dari 67 hari. Ini penjelasan panitia Formula E‚Ä¶ https://t.co/8FYlVwPIGz,2022-03-28 23:25:41,"Jakarta, Indonesia"
"..https://t.co/51mM2f7GsR

PSI menyoroti pemangkasan kapasitas kursi penonton ajang Formula E Jakarta yang terlampa‚Ä¶ https://t.co/XPBYHNBO1f",2022-03-28 23:02:02,
"Pembangunan Sirkuit Formula E Jakarta Sampai Revisi dari FIA, Begini Perjalanan Panjangnya- https://t.co/31bxfBEZcT‚Ä¶ https://t.co/y7M5Se9F5K",2022-03-28 22:43:32,"Ciamis, Indonesia"
Organizing Committee mengungkap koreksi-koreksi dari FIA untuk lintasan Formula E di Ancol. Panitia Formula E Jakar‚Ä¶ https://t.co/5sbES0fh40,2022-03-28 21:30:18,"Jakarta, Indonesia"
PSI menyoroti pemangkasan kapasitas kursi penonton ajang Formula E Jakarta yang terlampau jauh dari target awal. PS‚Ä¶ https://t.co/HDHen0ecX5,2022-03-28 20:20:13,"Jakarta, Indonesia"
@insaninsun @WahyuEkoPrabow9 @cibel_tompelan @ErSatArema021 @AndriHarsa @03__nakula Ya coba sebutin namanya kl anda‚Ä¶ https://t.co/fZhhZcqybY,2022-03-28 17:58:36,"Zittau, Germany"
"Berikut Koreksi FIA untuk Sirkuit Formula E di Ancol Jakarta ‚Äì Arenanews https://t.co/jWdOBK3P2D - [""https://t.co/1yfNjtDGqx""]",2022-03-28 17:20:33,Indonesia
Berikut Koreksi FIA untuk Sirkuit Formula E di Ancol Jakarta - https://t.co/38hUzGOWi3,2022-03-28 17:03:38,Indonesia
Berikut Koreksi FIA untuk Sirkuit Formula E di Ancol Jakarta ‚Äì Arenanews https://t.co/roqifLmLSP https://t.co/r2ayVVaxBq,2022-03-28 16:52:46,Indonesia
"ANGGOTA DPRD DKI Jakarta Fraksi PDIP, Gilbert Simanjuntak menyebut target penonton sejumlah 10 ribu di ajang Formul‚Ä¶ https://t.co/VdU3oRdrLq",2022-03-28 16:50:00,Jakarta - Indonesia
"Yakin bakal laku? Team &amp; pembalap formula E aja tidak dikenal masyarakat, lalu daya tariknya dimana?
Jangan2 penont‚Ä¶ https://t.co/bM8DH16ltE",2022-03-28 16:19:47,
"ANGGOTA DPRD DKI Jakarta, Gilbert Simanjuntak, menilai turunnya target jumlah penonton langsung Formula E dari 50.0‚Ä¶ https://t.co/vRfdiDqTvs",2022-03-28 16:00:02,Jakarta - Indonesia
@ChusnulCh__ Nyadarkah? MotoGP Mandalika n Formula E Jakarta adalah agenda Indonesia?,2022-03-28 15:41:30,"Magelang, Jawa Tengah"
"detikNews: Berikut Koreksi FIA untuk Sirkuit Formula E di Ancol Jakarta.
https://t.co/YgMHB8r9xa

melalui @GoogleNews",2022-03-28 15:33:41,Indonesia 
"@EkoPutr81945779 @Lukmanharijant1 @GeiszChalifah Disini 295m, kok sebelah awalnya 2t lebih Trus di revisi 560, form‚Ä¶ https://t.co/7g8fraOQrz",2022-03-28 14:56:02,
@WahyuEkoPrabow9 @insaninsun @cibel_tompelan @ErSatArema021 @AndriHarsa @03__nakula Hampir semua warga Jakarta tdk‚Ä¶ https://t.co/J4U6tq1Sks,2022-03-28 14:54:54,"Zittau, Germany"
@WahyuEkoPrabow9 @insaninsun @cibel_tompelan @ErSatArema021 @AndriHarsa @03__nakula Mungkin lebih tepatnya orang2 y‚Ä¶ https://t.co/QmELZSwkQe,2022-03-28 14:53:19,"Zittau, Germany"
Gerindra Sebut Wajar Kapasitas Penonton Formula E Jakarta Tidak Akan Sampai 50.000 https://t.co/V92mqP3a5t,2022-03-28 13:58:36,"Bandung, Jawa Barat"
"Soal Kapasitas Penonton, Panitia: Sirkuit Formula E Jakarta Tak Seperti Mandalika https://t.co/6YAzxXpk3o",2022-03-28 13:51:34,"Bandung, Jawa Barat"
@Leonita_Lestari Saya benar¬≤ heran dgn kebijakan membangun sirkuit baru utk formula e.kenapa sentul tdk dimaksimalk‚Ä¶ https://t.co/xvaIZmOveU,2022-03-28 12:57:05,
"Panitia Masih Bilang Kapasitas Penonton Formula E Belum Final, Ini Penjelasannya https://t.co/GiSAY4sV4f",2022-03-28 12:57:02,"Jakarta, Indonesia"
"""Untuk membuat grand stand sampai 30 ribu orang atau untuk memasukkan penonton sebanyak itu memang tidak semudah it‚Ä¶ https://t.co/s0jXNUtJL4",2022-03-28 12:53:29,NKRI
"Kalau mau cari celah-celah tempat penonton:
- bisa selepin kursi di pohon-pohon, atau
- semua penonton ditampung di‚Ä¶ https://t.co/6QaUXaCHkk",2022-03-28 12:16:17,Jakarta Capital Region
"@anas79335582 @XeraXena @keepithink_crab @aniesbaswedan Mata anda buta atw apa ..
Jakarta internasional stadion SDH‚Ä¶ https://t.co/TNGLr01QC9",2022-03-28 11:59:07,
"ekretaris Komisi D Bidang Pembangunan DPRD DKI Jakarta dari Fraksi Gerindra, Syarif, mengaku tidak mempermasalahkan‚Ä¶ https://t.co/A281daJRy6",2022-03-28 11:46:49,Indonesia
"Wagub DKI Jakarta @ArizaPatria mengatakan kapasitas penonton balap Formula E dari 50 ribu kini hanya 10 ribu

https://t.co/sRnwZJAT8T",2022-03-28 11:40:00,"Jakarta Pusat, DKI Jakarta"
Kapasitas Penonton Formula E Jakarta Belum Ditentukan https://t.co/bKf5hdtzHc https://t.co/HjQRcL6YLC,2022-03-28 11:13:04,Jakarta
"Bongkar semua kasus korupsi di tubuh Pemprov DKI Jakarta 

https://t.co/DjkpazPqah",2022-03-28 11:07:27,"Kota Manado, Sulawesi Utara"
"VP Communication Organizing Commite Jakarta E-Prix Iman Syafei mengatakan, perilisan harga tiket Formula E tidak pe‚Ä¶ https://t.co/zWsroeHeUD",2022-03-28 11:04:04,Jakarta
"Pemggilan ketua DPRD DKI Jakarta adalah langkah a Al membongkar kasus formula e

https://t.co/VIx92uNCEt",2022-03-28 10:44:14,
Acara bertaraf internasional itu dipastikan tidak hanya menyuguhkan aksi para pembalap di sirkuit. Tapi juga hibura‚Ä¶ https://t.co/d3FGRVWNSq,2022-03-28 10:40:34,
"Soal Berapa Kapasitas Penonton Formula E Jakarta, Panitia akan Segera Menentukan https://t.co/cl70UwzRbG",2022-03-28 10:28:04,"Bandung, Jawa Barat"
"17.20 #BeritaSONORA - Diklaim Sudah Selesai 87,9 Persen, Sudah Sampai Mana Progres Sirkuit Formula E Ancol Jakarta?‚Ä¶ https://t.co/lI3g5JstsT",2022-03-28 10:21:15,"Jakarta Barat, DKI Jakarta"
Rencana pembangunan selama 54 hari tersebut harus molor lantaran desain sirkuit yang dinilai pihak FEO belum memenu‚Ä¶ https://t.co/eowviKacgl,2022-03-28 10:05:25,Jakarta
"@WahyuEkoPrabow9 @insaninsun @cibel_tompelan @ErSatArema021 @AndriHarsa @03__nakula Mudahnya, kl memang itu baik bu‚Ä¶ https://t.co/KezyZoLcX9",2022-03-28 09:49:38,"Zittau, Germany"
Anggota Fraksi Gerindra DPRD DKI Jakarta Syarif mewajarkan bila nantinya pendapatan tiket dari gelaran Formula E ti‚Ä¶ https://t.co/pYql3rEhNr,2022-03-28 09:49:02,Indonesia
"Pembangunan sirkuit Formula E di Ancol, Jakarta Utara terus dikebut. #kumparanNEWS https://t.co/mjlsFRgpmO",2022-03-28 09:41:12,
@Mangkub68305207 @ChusnulCh__ @psi_id @PDI_Perjuangan @GeiszChalifah goblok kaliam kritik formula e buang buang ang‚Ä¶ https://t.co/Iq39zeHeN9,2022-03-28 09:28:28,kamarkecil
Panitia Formula E Jakarta menegaskan belum ada keputusan final jumlah penonton Formula E di Ancol. #kumparanNEWS https://t.co/PEsuxiVxin,2022-03-28 09:26:03,
Perasaan jaman dulu sirkuit di #Ancol paling banter balap gokart. https://t.co/P3VzgBP5SO #formulaE #formula_e,2022-03-28 09:19:40,"Jatiasih, Bekasi"
Wakil Gubernur DKI Jakarta Ahmad Riza Patria menanggapi kapasitas penonton Formula E yang merosot menjadi 10 ribu.‚Ä¶ https://t.co/5U0WJamGiM,2022-03-28 09:13:03,Indonesia
Pemprov DKI Jakarta memutuskan untuk mengurangi kapasitas penonton Formula E yang semula ditargetkan 50 ribu penont‚Ä¶ https://t.co/uu7tndVVhI,2022-03-28 09:05:02,Jakarta
Anies Baswedan memiliki kebiasaan untuk memotong target dari beberapa program unggulannya. Target penonton langsung‚Ä¶ https://t.co/9s55LfyT6s,2022-03-28 08:50:34,"√úT: 55.753181,37.618633"
@ScherazadeMS City circuit itu hampir sama dgn street circuit. Utk Formula E disebut city circuit dgn segala aturan‚Ä¶ https://t.co/hlt9KRrVS1,2022-03-28 08:50:23,"Denpasar, Bali"
Wagub DKI Jakarta Ahmad Riza Patria mengungkap alasan kapasitas penonton Formula E yang awalnya ditargetkan 50 ribu‚Ä¶ https://t.co/eSgK0BJEL5,2022-03-28 08:46:14,Indonesia
"@ketut188 Dadakan dalam arti dibangun super kilat. Dan ketika jadi pun ngga mendapat respons baik.

Saya sebenarnya‚Ä¶ https://t.co/flfUGd6p0E",2022-03-28 08:34:15,Indonesia
@HariKusdiyanto @aa_nabiel @GeiszChalifah Berarti hidup lo bukan Di Jakarta klu cuman seputaran dp 0 formula E lo TanyaüòÄüòÄ,2022-03-28 08:27:14,
"@insaninsun @cibel_tompelan @ErSatArema021 @AndriHarsa @03__nakula Kl mau fokus bisa kerja buat JIS, jgn cuma buat‚Ä¶ https://t.co/biomIZ7HYn",2022-03-28 08:13:34,"Zittau, Germany"
@ketut188 Sirkuit Formula E Jakarta bukan satu-satunya yang mengalami perubahan. Sirkuit di negara lain pun ada ban‚Ä¶ https://t.co/4B415GDPuZ,2022-03-28 08:11:32,Indonesia
Wakil Ketua Komisi E Bidang Kesra DPRD DKI Jakarta Anggara Wicitra Sastroamidjojo merasa dibohongi lantaran target‚Ä¶ https://t.co/cOh9kAidPz,2022-03-28 07:57:21,"Jakarta Capital Region, Indone"
"Soal Target Penonton Formula E, Wagub DKI Akui Ada Keterbatasan https://t.co/AGI7InHfYI",2022-03-28 07:46:05,"Jakarta, Indonesia"
"Mantan Menteri Pemuda dan Olahraga (Menpora) RI, Roy Suryo  meyakini Gubernur DKI Jakarta Anies Baswedan bakal meny‚Ä¶ https://t.co/IxuEaImssE",2022-03-28 07:42:35,
@GeiszChalifah Org yang ente banggakan lbh parah krn  menghabiskan uang Fee yg banyak utk Formula E yg tidak ada ma‚Ä¶ https://t.co/9Qpv43BFqe,2022-03-28 07:29:56,
DPRD DKI Jakarta menilai ajang Formula E masih perlu dipersiapkan dengan baik. https://t.co/EFb8LDDPzD,2022-03-28 07:26:00,"Jakarta, Indonesia"
"Pada tahun pertamanya, gelaran Formula E Jakarta tidak bisa menutup modal penyelenggaraan. Modal akan kembali dan k‚Ä¶ https://t.co/MWqeN80lwv",2022-03-28 07:10:00,Jakarta
@FNt70 @WKitek @SesiliaS1 @NajmuddinRasul1 @Mdy_Asmara1701 Perbandingan nya tidak Apple to Apple. Mandalika level n‚Ä¶ https://t.co/FSyNV2WJpE,2022-03-28 07:09:05,
Wakil Gubernur DKI Jakarta Ahmad Riza Patria mengakui pendapatan dari Formula E berpotensi berkurang seiring menyus‚Ä¶ https://t.co/79zL7ttGfJ,2022-03-28 06:50:00,Jakarta
"Wagub DKI Soal Kapasitas Penonton Formula E: Tak Harus ke Lokasi, Bisa Lewat TV https://t.co/VMVzfstB2Y",2022-03-28 06:41:02,Indonesia
"@Mdy_Asmara1701 yang oasti indonesia üáÆüá© makin mendunia rakyat makin bangga,, indonesia makin naik kelas,  mandakika‚Ä¶ https://t.co/A5n4OcTXbV",2022-03-28 06:22:32,Jakarta
"KPK tegaskan tak main-main usut dugaan korupsi formula E jakarta
#kpk https://t.co/eZA92oLztD",2022-03-28 06:19:16,"Gorontalo, Indonesia"
@CNNIndonesia Yang jelas pembangunan formula E tidak membebankan dan menyengsarakan warga Jakarta. Dan pak Anies ti‚Ä¶ https://t.co/TVek5e9V9j,2022-03-28 06:08:18,indonesia
Wakil Gubernur DKI Jakarta Ahmad Riza Patria mengakui pendapatan dari Formula E berpotensi berkurang seiring menyus‚Ä¶ https://t.co/CJJtCgl8LO,2022-03-28 06:00:00,Jl. Kebahagiaan No.4-14Jakarta
Siap-siap warga Jakarta menyambut selesainya Formula E yg entah kapan waktunya bisa selesai!! üòÅüòÅ https://t.co/oh1dO66v9o,2022-03-28 05:44:08,"Brebes, Indonesia"
@ud_cakrawala Semoga bisa bermanfaat bagi rakyat kecil jakarta entah gimana caranya FORMULA E ini.,2022-03-28 05:33:09,
Sejumlah pihak menganggap KPK berhati-hati dalam penyelidikan perkara dugaan korupsi Formula E DKI Jakarta. Pakar h‚Ä¶ https://t.co/Y12Ic3q8NA,2022-03-28 05:16:20,Indonesia
Berikut perjalanan panjang pembangunan sirkuit Formula E di Jakarta. #TempoMetro https://t.co/rOkVqotr4e,2022-03-28 05:06:15,Indonesia
"Drun . Di negara mana mana LW gelaran balapan pakai jalanan kota itu ya jalan yg sudah ada di pakai, tinggal nambah‚Ä¶ https://t.co/OQJ6Ctgv9Y",2022-03-28 04:20:20,
@PSI_Jakarta minyak goreng woi gimaneee???jangan formula E muluuuu...coba lu lu pade dorong dong mendag spy jkrt bo‚Ä¶ https://t.co/6LX8u3QVax,2022-03-28 02:41:48,jakarta Indonesia
"Seiring pembangunan sirkuit Formula E yang sedang berjalan, BUMD PT Jakarta Propertindo selaku penyelenggara menyia‚Ä¶ https://t.co/0uE9VV3ihS",2022-03-28 02:35:00,Indonesia
"@purpleColor5 @Wahydesama @ChusnulCh__ @aniesbaswedan Molooorr ..!!

Perencanaan penyelenggaraan Ajang Balap Formul‚Ä¶ https://t.co/gNSZjT1UJj",2022-03-28 02:12:00,
"@03__nakula bikin formula E di jakarta, jakarta udah mau tenggelam kok dibangun terus wkwkwk",2022-03-28 02:03:42,"Kota Surabaya, Jawa Timur"
@RyaWiedy dipikir formula e itu badan usaha milik dki jakarta apa ya,2022-03-28 01:11:26,
"@ud_cakrawala Apa susahnya si bikin judul tuh "" FIA meminta sirkuit formula E Jakarta untuk direvisi"" ngapain pake sgala ada kata gara-gara",2022-03-28 01:04:14,
"Tuduhan si Badrun tentang praktek Pencucian Uang oleh Gibran-Kaesang , mandeg di tangan KPK , sama persisnya mandeg‚Ä¶ https://t.co/cenwElpF2v",2022-03-28 01:02:17,
"Molooorr ..!!

Perencanaan penyelenggaraan Ajang Balap Formula E di Jakarta amburadul 

Pembangunan Sirkuit sesuai‚Ä¶ https://t.co/8zpoFezIBD",2022-03-28 00:53:19,Indonesia üáÆüá©
@AnakLolina2 @KPK_RI Jakarta kota yg deket dg @KPK_RI seolah2 gak terjadi apa2 padahal udh rusak. Formula E apa kabar pak ?? @KPK_RI,2022-03-28 00:37:43,
"@GeiszChalifah Kita tidak bisa samakan Mandalika &amp; Formula E, Mandalika itu Pemerintah Pusat/Negara buat untuk Indo‚Ä¶ https://t.co/xOaT13u5z4",2022-03-28 00:26:55,
"Penonton Formula E dipangkas habis dari 50 ribu orang cuma jadi 10 ribu orang.

Target dipotong-potong, kalau bayar‚Ä¶ https://t.co/vKJstsvu47",2022-03-27 23:43:21,"Surakarta, Jawa Tengah"
"@GeiszChalifah Om G, nanti formula e panggil om gilbert dan para tokoh agama untuk doa agar luput dari hujan. Tp na‚Ä¶ https://t.co/TY9x59c4j4",2022-03-27 23:15:34,"Jakarta Selatan, DKI Jakarta"
@81_adi @SesiliaS1 @NajmuddinRasul1 @Mdy_Asmara1701 Yaudah..untungnya formula E buat jakarta apa?,2022-03-27 22:49:20,
@aniesbaswedan Semoga ada pembuktian stlh ajang formula E ini. Minat unt menggunakan kendaraan berlistrik semakin m‚Ä¶ https://t.co/9gNJhO8X1P,2022-03-27 21:27:34,
"@03__nakula @Iseng57185173 90% angka dr mana? Coba liat udah ada bangunan blm disitu..

https://t.co/YBBYUpf9FC",2022-03-27 17:08:13,~#
"Suratnya Sakti, tp KPK yg kurang sakti.
Kuliti Anies Baswedan, Ketua DPRD DKI Ungkap 'Surat Sakti' Muluskan Pinjama‚Ä¶ https://t.co/zMjQaaGSkq",2022-03-27 16:30:27,Indonesia
"@Tony_Harto @Uki23 Sepertinya selain sirkuit Formula E, JIS dan TIM juga bakal mangkrak. Tidak seperti Kereta Cepat‚Ä¶ https://t.co/q4GS2XIn0K",2022-03-27 15:35:07,
Wagub DKI Jakarta Sebut Pendapatan Balap Formula E Belum Bisa Untung di Tahun Pertama: Perlu Waktu https://t.co/CyFDi4JIo9,2022-03-27 15:13:34,"West Sumatra, Indonesia"
"Gak Nyangka sih. Buka Channel YT nya Om Mobi, ternyata ada video bahas Sirkuit Formula E Jakarta. üëå

Aku udah ikuti‚Ä¶ https://t.co/gTlH6tXzU7",2022-03-27 15:06:40,"Tebet, Indonesia"
"@GeiszChalifah @ridhorahadi Prasetyo Ketua DPRD DKI dan Gilbert Simanjuntak Komisi B DPRD DKI

Mereka berdua selalu‚Ä¶ https://t.co/DYcr9M0Qy2",2022-03-27 14:59:48,
"@ChusnulCh__ MotoGP bengkak dari 1,2T menjadi 2,5T ternyata Aspal ngelupas makanya Bengkak.. KPK aja udah dilemahin‚Ä¶ https://t.co/nfuag65ci6",2022-03-27 14:55:00,"Wieselburg-Land, √ñsterreich"
Bedanya yg bakalan dirasakan Mandalika akan sama dg fasilitas PON di Papua.. Klo formula E malah nambah cantik nya‚Ä¶ https://t.co/svXg6MM8Hx,2022-03-27 14:53:58,Kota Manado
"@aniesbaswedan Sebenarnya mau JIS apa formula E sih bagus2 aja, kalau sukses nama Jakarta &amp; Indonesia juga yg bangg‚Ä¶ https://t.co/wrQoSxCMnJ",2022-03-27 14:53:44,
"@GeiszChalifah Gak nyangka, lihat channel Om Mobi, ada video bahas sirkuit Formula E Jakarta üòÖ https://t.co/XgB4l4azQ1",2022-03-27 14:52:20,"Tebet, Indonesia"
"@ChusnulCh__ Itu bukan tujuan utama, tujuannya bisa potong pita klo jakarta bisa bangun formula e",2022-03-27 14:20:44,"Kota Surabaya, Jawa Timur"
@GeiszChalifah Berapa  sebenarnya uang yang dikeluarkan untuk formula E? Tujuan formula E untuk apa? Kita tahu bers‚Ä¶ https://t.co/32XHp86GuP,2022-03-27 14:12:53,
@jpatading @Leonita_Lestari Formula E itu mempromosikan kendaraan listrik yg bebas polusi dan ketergantungan terhad‚Ä¶ https://t.co/K39wegAGkp,2022-03-27 13:59:49,"Ambon, Maluku, Indonesia"
"@Uki23 Ternyata ooo ternyata üòÇüòÇüòÇüòÇ cebong tolol psti mkn stres üòÇüòÇüòÇüòÇ
https://t.co/7YHpcwvQ2R",2022-03-27 13:11:27,"Tangerang, Banten"
@DarulDharul @AnggitaWiryo @aniesbaswedan @tatakujiyati @Mdy_Asmara1701 @marlina_idha @YeyenAgoestine‚Ä¶ https://t.co/1tVvKicoTu,2022-03-27 13:06:48,Palangkaraya
"Dari 50.000, Mengapa Kini Target Sirkuit Formula E Jakarta Hanya 10.000 Penonton Langsung? https://t.co/c0gJbBKe0k https://t.co/8GXjVycCFI",2022-03-27 13:02:04,Indonesia
"Diklaim Sudah Selesai 87,9 Persen, Sudah Sampai Mana Progres Sirkuit Formula E Ancol Jakarta?‚Ä¶ https://t.co/DZ3ipU5Epd",2022-03-27 12:54:05,Indonesia
@Mufix5 @03__nakula gw tidak bicara tehnik konstruksi ya droenz...gw bicara 'green racing' mending elo baca¬≤ dulu a‚Ä¶ https://t.co/huJagw6Gwi,2022-03-27 12:51:03,we stare at the same sky
"Coba anda tanyakan ke mereka
Maket nya seperti apa?
Ko bisa mereka optimis sudah selesai 87%
Klu ada maket nya kan‚Ä¶ https://t.co/QLmamRgPoM",2022-03-27 12:45:46,
"@03__nakula Alhamdulillah berarti Indonesia punya dua sirkuit kelas internasional, sirkuit Mandalika untuk MotoGP d‚Ä¶ https://t.co/Q8f8kQvu7K",2022-03-27 12:15:26,Metro Lampung Indonesia
"Wakil Gubernur DKI Jakarta Ahmad Riza Patria mengatakan, pengurangan jumlah penonton dipastikan telah melalui seran‚Ä¶ https://t.co/audmBSjtyE",2022-03-27 12:14:37,Jakarta - Indonesia
"@GeiszChalifah Publik hanya ingin tahu kewajaran proyek formula E ini dr sisi biaya, feasibilty, governance serta k‚Ä¶ https://t.co/mo9JTj1ymY",2022-03-27 12:07:37,
"Akhirnya, gelaran balap Formula E Jakarta resmi akan digelar di Jakarta pada 4 Juni 2022 mendatang. FIA World Motor‚Ä¶ https://t.co/sVTHIR6KTC",2022-03-27 11:54:50, Dimana-mana
"Dengan bangga dia berungkap ""Alhamdulillah, berhasil! Jakarta akan menjadi salah satu tuan rumah balap mobil bergen‚Ä¶ https://t.co/oNUeCOSMGK",2022-03-27 11:54:31, Dimana-mana
"Semoga persiapan balapan formula e lancar dan sukses, agar warga miskin jakarta bisa mendapatkan rejeki tambahan https://t.co/E36E2t14xE",2022-03-27 11:27:30,
"@detikcom @fpdip_jakarta kehilangan jati dirinya. Ditengah ketua DPRD menggempur formula e, PDIP malah bangun citra‚Ä¶ https://t.co/egm0njtnwz",2022-03-27 11:21:15,
"@rifkiaries @cokwik_ @GeiszChalifah Yakin nih gk pake apbd??
Cari tau dulu baru bacot!!!
https://t.co/dKdtfqXg0K",2022-03-27 11:03:49,
"@03__nakula MotoGP dan Formula E sukses, bukti Indonesia dan DKI level internasional ya @PDI_Perjuangan‚Ä¶ https://t.co/WQvxw8GgrP",2022-03-27 10:49:08,
"@GeiszChalifah Katanya @PDI_Perjuangan jangan dibanding2in biaya MotoGP dan Formula E ya @psi_id @PSI_Jakarta 

Negara kok saingan propinsi",2022-03-27 10:43:07,
@03__nakula Wuiih mantab ada Formula E di Jakarta yang bisa di tonton oleh masyarakat ketimbang Mandalika yang meng‚Ä¶ https://t.co/IYy16ZBpVJ,2022-03-27 10:23:35,
"@cokwik_ @GeiszChalifah Formula E tadinya di sekitar monas, sebagai icon Jakarta dan Indonesia, karna masalah polit‚Ä¶ https://t.co/TFX64whAcf",2022-03-27 10:23:21,Jakarta
"@fighter97177651 @GunawanGiga @Uki23 Tidak ada yg dikerjakan sama sekali, malah dihabisin buat yg tdk penting buat‚Ä¶ https://t.co/YBRwePLbtT",2022-03-27 10:05:08,
"Jakpro dpt penugasan jadi panitia lokal Formula E, terus ngebut bangun sirkuit
Kalau lihat disini, belum keliatan p‚Ä¶ https://t.co/Fxt9ayWyJx",2022-03-27 09:58:00,"Osaka-shi Konohana-ku, Osaka"
"@GeiszChalifah Sampai sekarang Formula E itu ga pernah terbuka ttg rencana dan anggarannya, bahkan commitmen fee ny‚Ä¶ https://t.co/gKRkP4IIp7",2022-03-27 09:53:33,Indonesia
"Konstruksi sirkuit Formula E Jakarta capai 87,9 persen https://t.co/ErWVs0pOiM https://t.co/3t9eElo8hm",2022-03-27 09:00:36,"Jakarta, Indonesia"
"@GeiszChalifah Maklum bang mereka itu cuma tahunya Jakarta tdk tahu daerah lain bahkan Indonesia
Padahal kalau tahu‚Ä¶ https://t.co/4oi1FWivJe",2022-03-27 08:48:15,
MENYONGSONG FORMULA E JAKARTA.. https://t.co/ohBnyEj5UB,2022-03-27 07:01:57,"DKI Jakarta, Indonesia"
"@LOVE_AG4EVER Sirkuit Formula E Jakarta akan menjadi salah satu sirkuit Terbaik di dunia, sirkuit ini akan mendapat‚Ä¶ https://t.co/d26G7K0n6f",2022-03-27 05:55:11,
@LOVE_AG4EVER @Pencerah__ Warga DKI Jakarta apa kagak merasa rugi besar dengan begitu besarnya pajak mereka dihabis‚Ä¶ https://t.co/Z6NjhDX5hE,2022-03-27 05:37:06,Medan Indonesia
"@LordSunda @detikcom Nah itu tau pak... Anggaran Jakarta gede gitu, masak lebih mengutamakan stadion sama sirkuit f‚Ä¶ https://t.co/uU2xTBYv7o",2022-03-27 05:26:56,
"Keseruan ini sebentar lagi akan hadir di @DKIJakarta.

Jakarta Formula E. Juni 2022.

https://t.co/GFFi7mUT6A",2022-03-27 05:16:21,
"@Uki23 Klo dirasa kacau ya bantu biar ga kacau
Ini event international, jakarta akan dilihat dunia lewat Formula E.‚Ä¶ https://t.co/Od4V5fXO3b",2022-03-27 04:49:33,·Æì·Æ®·ÆÅ·Æõ·Æ™·Æö·Æ™
"@Dennysiregar7 Modal brp tuh formula E, penonton cuma 10.000, jadi kapan cuannya ? Cuma hamburin duit rakyat jakarta.",2022-03-27 04:14:28,
"Target Penonton Formula E di Jakarta Turun Jadi 10 ribu, Kenapa?- https://t.co/Kq0S36kCMA
#FormulaEJakarta https://t.co/KriLIxasJC",2022-03-27 04:07:30,"Ciamis, Indonesia"
"garansi 423miliar

3.JAKARTA BAYAR MAHAL,NEGARA LAIN BISA GRATIS!
selain menduga ada penyelewengan dana,negara lain‚Ä¶ https://t.co/NwC7RluSEB",2022-03-27 03:45:50,"DKI Jakarta, Indonesia"
"pinak terheran heran,pasalnya pemprov dki sebelumnya menganggarkan hingga 1,13triliun rupiah utk pelaksanaan formul‚Ä¶ https://t.co/sirAwin6aY",2022-03-27 03:40:55,"DKI Jakarta, Indonesia"
"@Uki23 dia gak sadar, sirkuit formula E kan adanya di ibukota jakarta, dia serang Jokowi bae..",2022-03-27 03:33:47,Provinsi Singosari
Target Penonton Langsung Formula E Jakarta Menyusut dari 50.000 Menjadi 10.000 https://t.co/WcGFgHRjds,2022-03-27 03:28:39,
"Nah, kalau gubernurnya ganti, gimana nasib Formula E? Minta diperpanjang, supaya semakin hancur dan tenggelam itu J‚Ä¶ https://t.co/Zibcp04yAa",2022-03-27 03:22:56,
"Komite Pelaksana Formula E Jakarta Iriawan mengatakan, akibat revisi  dari Federasi Otomotif Internasional (FIA), t‚Ä¶ https://t.co/tiLxKUGsz2",2022-03-27 02:06:29,Jakarta
"Ini itungan 80 % diluar paddock dan tribun.
Kok bisa buru2 ngeluarin angka begini?

https://t.co/hIhG0GLrNT",2022-03-27 01:27:55,Indonesia
"Jgn kemakan dgn judulnya, baca lengkapnya üëá

Untuk meminimalkan kemungkinan banjir banjir yang bisa saja merendam s‚Ä¶ https://t.co/fDJ5kYKhnT",2022-03-27 01:04:34,Jakarta Capital Region
"Progres Pembangunan Sirkuit Formula E Jakarta 87,9 Persen, Target Rampung Mundur Beberapa Hari‚Ä¶ https://t.co/AQIdMQSWoK",2022-03-27 00:54:08,Indonesia
"Setelah MotoGP, Mandalika juga akan jadi tuan rumah World SBK tgl 11-13 November. Jakarta di bulan Juni akan menjad‚Ä¶ https://t.co/ve680Jbmk5",2022-03-27 00:25:09,
@Dennysiregar7 Moga saja ajang Formula E di Jakarta berlangsung sukses aman dan lancar biar buat bangga bangsa Indonesia,2022-03-27 00:04:47,
"@tempodotco Yg di ktitik seputar Formula E saja,nanti kalau Formula E selesai, ga ada kerjaannya ya,bubar sajalah...JAKARTA TIDAK BUTUH PSI.",2022-03-26 23:47:51,
Kapasitas Kursi Penonton Formula E Jakarta Bakal Mencapai 10 Ribu https://t.co/XcOAn2Zvce #TempoVideo,2022-03-26 23:32:03,Indonesia
@Uki23 Partai yg tidak jelas maunya apa?! https://t.co/8IT8DTuYpA @jakprogroup @Roni_ASC @disporadkijkt @dprddki‚Ä¶ https://t.co/OoQHFFklYK,2022-03-26 22:47:02,DKI Jakarta
@HetsiyHetsiy1 @AnggitaWiryo @aniesbaswedan @fauzanindonisi @ilhamjati4 @satriadjenar @tatakujiyati @YeyenAgoestine‚Ä¶ https://t.co/R6jmMjHRfy,2022-03-26 16:03:21,DKI Jakarta
"@AnggitaWiryo @aniesbaswedan ada nga sih formula E di jakarta ... jangan jangan, ah jangan lah.",2022-03-26 15:12:50,
"@SantorinisSun Situs resmi Formula E masih memberitakan balapan di jalan raya (real city street), bukan sirkuit. Ba‚Ä¶ https://t.co/979NluyVMW",2022-03-26 14:56:46,Yogyakarta
"@ChusnulCh__ @aniesbaswedan Ente HOAX, CEBI ... Baca yg benar!! https://t.co/8IT8DTuYpA @jakprogroup @Roni_ASC‚Ä¶ https://t.co/uEo43Yj930",2022-03-26 14:54:46,DKI Jakarta
@tempodotco Partai yg tidak jelas maunya apa?! https://t.co/8IT8DTuYpA @jakprogroup @Roni_ASC @disporadkijkt‚Ä¶ https://t.co/hrkthVgkK1,2022-03-26 14:42:50,DKI Jakarta
"@_Lin_Apr1lia Ente HOAX, CEBI ... Baca yg benar!! https://t.co/8IT8DTuYpA @jakprogroup @Roni_ASC @disporadkijkt‚Ä¶ https://t.co/g8rXUpU3c2",2022-03-26 14:40:32,DKI Jakarta
Pembangunan sirkuit Formula E Jakarta di kawasan Ancol terus digeber menjelang 70 hari pelaksanaan balapan mobil li‚Ä¶ https://t.co/qlusHelFJu,2022-03-26 14:37:02,Indonesia
@Darisrizal06 @alextham878 Infonya comitmment fee formula e Jakarta 150 miliar pertahun sementara negara lain misal‚Ä¶ https://t.co/awo6WExfH3,2022-03-26 13:54:27,"Medan Kota, Indonesia"
"Meski target penonton langsungnya turun dari 50.000 ke 10.000, saya yakin perhelatan ini bakal ramai, kok.

Ini Jak‚Ä¶ https://t.co/iAwMvQFz8c",2022-03-26 13:50:30,
"@DavidWijaya82 Kalau jadi Formula E di jakarta.
kita intip saja pakai drone anti sadap....dan sebarkan ke youtube l‚Ä¶ https://t.co/aRC04uavGl",2022-03-26 13:23:04,"Paris, France"
10. Irawan Sucahyono menambahkan sejauh ini angka tersebut bisa bertambah sesuai dengan perkembangan dan hasil peni‚Ä¶ https://t.co/4miaDOi2g2,2022-03-26 13:10:13,Jakarta
9. Kapasitas tribune tersebut jauh lebih rendah dari target yang diungkapkan oleh Direktur Utama PT Jakarta Propert‚Ä¶ https://t.co/Xr96oG0RbL,2022-03-26 13:04:37,Jakarta
8. Komite Pelaksana Formula E Irawan Sucahyono juga memberikan update kapasitas tribun sirkuit Formula E yang dised‚Ä¶ https://t.co/IJw9koLyHT,2022-03-26 13:00:09,Jakarta
"7. Pembangunan sirkuit ditargetkan selesai  pada 27 Maret 2022, namun karena ada revisi dari Federasi Otomotif Inte‚Ä¶ https://t.co/ddp6LLoRoi",2022-03-26 12:53:30,Jakarta
6. Menurut Managing Director Formula E Jakarta dari PT Jakarta Propertindo (Jakpro) Gunung Kartiko pembangunan sirk‚Ä¶ https://t.co/TygZ4Qv94y,2022-03-26 12:48:05,Jakarta
"5. Saat ini pembangunan sirkuit Formula E terus berjalan dan per 25 Maret 2022 sudah mencapai 87,9 persen. &gt;‚Ä¶ https://t.co/vENcRdBM0E",2022-03-26 12:42:49,Jakarta
"4. Selain itu ada pertentangan dari Ketua DPRD DKI Jakarta Prasetyo Edi Marsudi terhadap pergelaran Formula E, Ia m‚Ä¶ https://t.co/a8CyKj0M9C",2022-03-26 12:37:46,Jakarta
"3. Sebab, lokasi sirkuit bukanlah tempat yang padat, melainkan tanah berlumpur yang dulunya dikenal sebagai lokasi‚Ä¶ https://t.co/KVL06l6DvU",2022-03-26 12:31:42,Jakarta
"2. Namun, pada awal pembangunan sirkuit Formula E tak terlepas dari kontroversi. Banyak pihak yang meragukan pemban‚Ä¶ https://t.co/vQ6lnMYV78",2022-03-26 12:26:12,Jakarta
@tempodotco Partai yg tidak jelas maunya apa?! https://t.co/8IT8DTuYpA @jakprogroup @Roni_ASC @disporadkijkt‚Ä¶ https://t.co/LmfVJJQJLa,2022-03-26 12:22:49,DKI Jakarta
1. Lokasi sirkuit formula E yang terletak di kawasan Ancol ini telah resmi ditentukan sejak tanggal 22 Desember 202‚Ä¶ https://t.co/ECXVIJLB0N,2022-03-26 12:18:15,Jakarta
"{Thread}

Potret Pembangunan Sirkuit Formula E Ancol Jakarta &gt; #FormulaE #Jakarta #JernihkanHarapan https://t.co/qQgFSDtk0c",2022-03-26 12:12:17,Jakarta
@GarengHallu Sebaiknya formula E diadakan dimandalika aja... kasihan jakarta harus konsentrasi aja atasi kemacetan bukan malah bikin sirkuit,2022-03-26 11:31:45,
@tempodotco Partai yg tidak jelas maunya apa?! https://t.co/8IT8DTuYpA @jakprogroup @Roni_ASC @disporadkijkt‚Ä¶ https://t.co/h8QtqTNPYf,2022-03-26 11:02:49,DKI Jakarta
"Konstruksi sirkuit Formula E Jakarta capai 87,9 persen. https://t.co/yMvNgstUEW",2022-03-26 10:59:37,"√úT: -6.187385,106.733011"
@aewin86 Ente HOAX Bong ... Baca yg benar!! https://t.co/8IT8DTuYpA @jakprogroup @Roni_ASC @disporadkijkt @dprddki‚Ä¶ https://t.co/jO5gGJOrfw,2022-03-26 10:53:12,DKI Jakarta
"Progres pembangunan sirkuit Formula E diklaim mencapai 87,9 persen. Ketua Fraksi PDIP DPRD DKI Jakarta Gembong Wars‚Ä¶ https://t.co/Eee5wTQ06I",2022-03-26 10:09:31,"DKI Jakarta, Indonesia"
Politisi Gerindra Syarif mendukung langkah KPK dalam proses penyelidikan penyelenggaraan Formula E di Jakarta. Namu‚Ä¶ https://t.co/U51CaoI4iQ,2022-03-26 10:00:00,Indonesia
"Peminjaman dana kepada Bank DKI Jakarta harus segera dituntaskan. Jangan sampai masalah ini berlarut larut 

https://t.co/iWAZuxO5zV",2022-03-26 09:49:36,"Kota Manado, Sulawesi Utara"
"Konstruksi sirkuit Formula E Jakarta capai 87,9 persen https://t.co/bQYxxTWjLV",2022-03-26 08:51:36,Indonesia
"Pembuatan lintasan balap mobil berenergi listrik Formula E di Ancol, Pademangan, Jakarta Utara terus dikebut.‚Ä¶ https://t.co/KEe83xuntr",2022-03-26 07:14:00,Jakarta
"@bukankadrun212 @Mdy_Asmara1701 Akal2an siapa? Wong ini atas izin pak JKW!
Bahkan katanya akan meWUJUDkan MIMPI pak‚Ä¶ https://t.co/d8fgW0u2oc",2022-03-26 06:32:28,
"Please be informed "" MASIH DALAM PENGERJAAN  ! ""
https://t.co/dYeHPmvEuz",2022-03-26 06:27:39,"Chicago, IL (Far from Bali) "
"Komite Pelaksana Formula E Irawan Sucahyono mengatakan, kapasitas tribun sirkuit Formula E yang akan disediakan unt‚Ä¶ https://t.co/vAWdIOc6zN",2022-03-26 06:15:05,Jakarta
"WAKTU SEMAKIN MEPET..!! BEGINI PROGRES PEMBANGUNAN 87% SIRKUIT FORMULA E JAKARTA..??
https://t.co/HVd7Ca3hZL",2022-03-26 05:46:48,
"PT-PT yang dapat proyek....anak sendiri, BUMD-DKI.... JakPro, Jaya Konstruksi dll....

Yang buat swasta mana nih???‚Ä¶ https://t.co/lC7gK6UlvH",2022-03-26 05:24:53,Anywhere On Earth
Kapasitas Kursi Penonton Formula E Jakarta Bakal Mencapai 10 Ribu https://t.co/ZOFnZk4h4q #TempoMetro,2022-03-26 05:22:10,Indonesia
Semoga puasa dan lebaran bukan alasan molor lagi ya https://t.co/5SZh61KgDx,2022-03-26 05:11:06,
@sigitwid @aniesbaswedan @psi_id @PSI_Jakarta @willsarana @kokokdirgantoro @aryobimmo @andrewenas @GunRomli @Uki23‚Ä¶ https://t.co/PH5hfSLKxJ,2022-03-26 04:21:54,
@f1speed_indo Formula E Prix Jakarta Layoutnya lebih bagusüòÇüòÇüòÇüòÇ ini sih sirkuit Formula E kayaknyaaa drpd F1,2022-03-26 04:09:05,"pyongyang, north korea"
"Gerindra koq kyknya dpt data2 ttg fe pdhl @fpdip_jakarta @PSI_Jakarta
Susah benar minta data. Artinya apa tuh?‚Ä¶ https://t.co/NhI8fqfI8E",2022-03-26 03:37:48,Jakarta
"Anggota DPRD DKI Jakarta Fraksi Partai Gerindra, Syarif berencana untuk mengajak Ketua Umum PSI Giring Ganesha kemb‚Ä¶ https://t.co/d9p6TwASv8",2022-03-26 03:31:47,Indonesia
@varleent Jakarta yg di pimpin Anis selalu di hambat istna..mau ngadain Formula E di hambat ..ngga boleh di monas..‚Ä¶ https://t.co/M6g8xqz2gQ,2022-03-26 03:28:19,
@SantorinisSun 100% tidak ada event formula e di Jakarta.,2022-03-26 03:25:39,Jawa-Tengah.
@abu_waras Formula E di Jakarta,2022-03-26 02:30:05,"Bekasi, Jawa Barat"
"naga2 nya bakal delay negh sirkuit, berujung FormulaE Jakarta,Indonesia Batal.

duh jadi ngenes, gegara Gubernur Pe‚Ä¶ https://t.co/YWoTWhcSZH",2022-03-26 02:18:12,Perantauan abadi
@DavidWijaya82 Masa kalah sama MotoGP yg dilaksanakan jauh di mandalika sana. Mandalika yg jauh saja bisa dapat 60r‚Ä¶ https://t.co/5pGDOOtR0z,2022-03-26 01:24:40,
KPK menyatakan membuka peluang untuk meminta keterangan Gubernur DKI Jakarta¬†Anies Baswedan¬†dalam penyelidikan duga‚Ä¶ https://t.co/dKqaE5aa8i,2022-03-26 00:56:45,
Siapa Sponsor Formula E Jakarta? Jakpro: Aman https://t.co/hifEzal18t #TempoMetro,2022-03-25 23:12:04,Indonesia
"Pembangunan sirkuit Formula E Jakarta terus dikebut. Saat ini progres pembangunan sirkuit disebut sudah 87,9%. Baga‚Ä¶ https://t.co/TE7uKWJd2f",2022-03-25 22:00:29,"Jakarta, Indonesia"
"https://t.co/WrA0VLiY7m
Schedule sirkuit kelar 1 Mei (kalau gak molor). Balapan 4 Juni. Jual tiket 1 bulanan. 
Kalo‚Ä¶ https://t.co/dzeTez8srX",2022-03-25 19:21:26,At Home
Tribun Penonton dan Paddock Sirkuit Formula E Jakarta Ditentukan FEO https://t.co/KZT1IHHzGF #TempoMetro,2022-03-25 16:52:05,Indonesia
Anggota Fraksi Partai Gerindra DPRD DKI Jakarta Syarif mengaku akan mengajak Ketua Umum PSI Giring Ganesha mengunju‚Ä¶ https://t.co/3vcgKPkO6V,2022-03-25 16:46:03,Indonesia
"Konstruksi Sirkuit Formula E Jakarta Capai 87,9 Persen https://t.co/tLqEtGgoRn",2022-03-25 16:38:03,"Jakarta, Indonesia"
"@Cintada16 Sirkuit Mandalika homologasi ‚úÖ
Sirkuit Jakarta (Formula E) hologram‚úÖ
Biar ga ada yg kecewa....",2022-03-25 16:29:43,
@AntonStefanus_ 100% tidak akan ada event formula e di Jakarta.,2022-03-25 16:24:47,Jawa-Tengah.
"@Lohan2828 @KPK_RI https://t.co/2IojoyoOeT

Laporan saksi kasus formula E :
ketua DPRD DKI jakarta yg mempertanyaka‚Ä¶ https://t.co/WytDADmtlA",2022-03-25 16:24:40,"Washington, DC"
"Pembangunan sirkuit Formula E di kawasan Ancol, Jakarta Utara, terus dilakukan. Dalam pelaksanaannya, ternyata pemb‚Ä¶ https://t.co/SxB4fAoPoY",2022-03-25 15:45:30,Indonesia
"@dot_id_ @AnakLolina2 ""Untuk meminimalkan kemungkinan banjir yang bisa saja merendam sirkuit Formula E, PemProvDKI‚Ä¶ https://t.co/f11jqjP5Fu",2022-03-25 15:10:10,"Jakarta Capital Region, Indone"
"Pembangunan Sirkuit Formula E Jakarta Sudah Capai 87,9% https://t.co/7ScPf6GCzi #FormulaE",2022-03-25 14:29:59,"Jakarta, Indonesia"
@jimin_andri @YRadianto 100% tidak akan pernah ada event formula e di Jakarta.,2022-03-25 14:29:00,Jawa-Tengah.
Balap mobil listrik Formula E Jakarta 2022 akan berlangsung pada 4 Juni 2022 https://t.co/pyznK9uCU9,2022-03-25 14:05:21,"Jakarta, Indonesia"
"KPK sampaikan kabar baru kasus Formula E di Jakarta, begini informasi selengkapnya.  #KabarBaruKasusFormulaE https://t.co/A47yMwia9S",2022-03-25 14:00:02,"Jakarta, Indonesia"
"Pembangunan Sirkuit Formula E Jakarta Capai 87,9 Persen https://t.co/wZnUlgOrqw",2022-03-25 13:50:08,
"@Helmi_Felis @jokowi Klo formula E anda ga komen?
Bermanfaat ga tuh buat warga jakarta?
MIKIR...!!!",2022-03-25 13:48:42,"√úT: -6.22034,106.87354"
Konstruksi seluruh proyek Formula E Jakarta hingga fasilitas pendukungnya diprediksi rampung pada 1 Mei 2022. https://t.co/MDv7BIvVhW,2022-03-25 13:40:03,Jakarta Capital Region
"Untuk cegah banjir merendam sirkuit Formula E, Pemprov DKI Jakarta bangun sumur resapan disebar di sejumlah titik d‚Ä¶ https://t.co/zZNFOH4NyX",2022-03-25 13:30:31,"Jakarta Capital Region, Indone"
"Simak penuturan Vice Managing Director Formula E PT Jakarta Propertindo (Jakpro) Gunung Kartiko
https://t.co/nGVCTyWMM1",2022-03-25 13:28:17,
FORMULA E MASIH JAUH DIATAS AWAN (BALAPAN GHOIB DI JAKARTA) https://t.co/t8dYy542XY,2022-03-25 12:38:12,
"Video Terbaru Nawacita Tv: KPK PERIKSA DPRD JAKARTA TERKAIT FORMULA E https://t.co/4gjzgye8Xh
| #beritaterkini‚Ä¶ https://t.co/ufMLy5NjU9",2022-03-25 12:36:26,"Bekasi, Jawa Barat"
"Anggota Fraksi Gerindra DPRD DKI Syarif meninjau pembangunan sirkuit Formula E di kawasan Ancol, Jakarta Utara. Jal‚Ä¶ https://t.co/RMxgSOoWP1",2022-03-25 12:32:14,Indonesia
Pembangunan Sirkuit Formula E Jakarta Ditargetkan Tuntas 1 Mei https://t.co/pSFIYgtH5S https://t.co/IsHdva1aP7,2022-03-25 12:29:20,Jakarta
@ferdianto_ary @YakubRios @ImamMursyalin @asmujivahn @sofiankawar1 @JawaraSantuy @sapporo_jack @Wirakelana14‚Ä¶ https://t.co/h7LPa0X2HW,2022-03-25 12:26:57,"Papua, Indonesia"
@ferdianto_ary @YakubRios @ImamMursyalin @asmujivahn @sofiankawar1 @JawaraSantuy @sapporo_jack @Wirakelana14‚Ä¶ https://t.co/k207haBCeC,2022-03-25 12:26:48,"Papua, Indonesia"
"@Mdy_Asmara1701 Pembangunan Sirkuit Formula E Jakarta dipantau oleh KPK...

Nggak sabar lihat hasilnya...
Pasti menakjubkan ya guys üòéüòä",2022-03-25 12:10:45,
"Pembangunan Lintasan Formula E Molor, Jakpro Pastikan Tak Ada Anggaran Tambahan https://t.co/EHuwyQF1RI",2022-03-25 12:02:08,Indonesia
"Menengok Progres Pembangunan Lintasan Formula E, 70 Hari Jelang Laga Dihelat https://t.co/2lkVJT8OVO",2022-03-25 12:02:06,Indonesia
"Pengaspalan sirkuit Formula E di kawasan Ancol, Jakarta Utara, molor dari yang ditargetkan #SirkuitFormulaE https://t.co/FZFksDWfAZ",2022-03-25 11:56:03,Indonesia
"@Leokembara @HASapardan Ini om

https://t.co/EVt2elcwFg",2022-03-25 11:54:18,"Bantul, Indonesia"
"Komite Pelaksana Formula E Jakarta Iriawan mengatakan, akibat revisi tersebut target capaian pembangunan yang semul‚Ä¶ https://t.co/t3jAWFT574",2022-03-25 11:53:05,Jakarta
"Sabar, Tiket Formula E Jakarta Belum Dijual https://t.co/nq2Jj132kV https://t.co/Kxrpy0MTXb",2022-03-25 11:47:03,Jakarta
Tiket Formula E Jakarta disebut bakal segera diterbitkan untuk dijual ke publik. https://t.co/s1e7OVGaWE,2022-03-25 11:45:13,"Jakarta, Indonesia"
"Digelar 4 Juni,Pembangunan Sirkuit Formula E Jakarta Rampung 87,9% https://t.co/X9KNW7zp00 https://t.co/9vZVGLr2KT",2022-03-25 11:40:39,Jakarta
"Pengaspalan sirkuit Formula E, Ancol, Jakarta Utara sudah mencapai 87,9 persen. Hari ini Tempo berkesempatan menyus‚Ä¶ https://t.co/9Tf9d3Zpdt",2022-03-25 11:10:52,Indonesia
Pembangunan Lintasan Formula E Meleset dari Target https://t.co/WYigUfwEtY,2022-03-25 10:59:33,Indonesia
Persiapan balapan formula e jakarta sangat lancar dan sangat sukses https://t.co/S70xF6Td6T,2022-03-25 10:57:07,
"@marlina_idha KEMAJUAN ERA ANIS : RUMAH DP O GAGAL, OK OCE GAGAL, FORMULA E 4,5 TRILIUN UANG RAKYAT JAKARTA, SUMUR‚Ä¶ https://t.co/WxIiVbFLLZ",2022-03-25 10:56:06,
"Bongkar semua kasus korupsi di tubuh Pemprov DKI. Termasuk surat sakti dr Anies untuk pencairan anggaran formula e

https://t.co/mgG3NRglPY",2022-03-25 10:28:17,
"Surat sakti yg dikeluarkan Gubernur DKI Jakarta telah menyalahi aturan sistem pemerintahan dan harus segera diusut 

https://t.co/SH2Zz5W4gb",2022-03-25 10:13:33,"Kota Manado, Sulawesi Utara"
"Terungkap kesaktian surat Anies Baswedan dalam pencairan anggaran formula e tanpa persetujuan DPRD DKI Jakarta 

https://t.co/rYH6PQ0lkm",2022-03-25 10:07:13,"Kota Manado, Sulawesi Utara"
"Anies mau nandingi kemeriahan Moto GP di Jakarta?
Oooo, mimpi kali ya

https://t.co/5RqeD92MbG",2022-03-25 09:48:40,
@Cintada16 Ini pasti salah alamat lagi deh. FIA mestinya kan homologasi Formula E Jakarta koq ke Mandalika lagi? En‚Ä¶ https://t.co/ZfKUh9sXFI,2022-03-25 09:40:46,
"Surat sakti ala Gubernur DKI melebihi kesaktian mbak Rara. Bagaiman tidak, surat itu bisa mencairkan anggaran ratus‚Ä¶ https://t.co/VBOULGJ3rF",2022-03-25 09:39:32,"Kota Manado, Sulawesi Utara"
Buka bursa taruhan dong: Formula E #Jakarta bakal jadi atau tidak?,2022-03-25 09:28:18,
@GeiszChalifah @ASP7211 Pemprov DKI Tegaskan Pembayaran Commitment Fee Formula E sesuai Prosedur dan Regulasi yang‚Ä¶ https://t.co/CulVJaFt7G,2022-03-25 08:53:51,
"@GeiszChalifah @ASP7211 Prasetyo Ketua DPRD DKI dan Gilbert Simanjuntak Komisi B DPRD DKI

Mereka berdua selalu car‚Ä¶ https://t.co/8uBbqfo5G3",2022-03-25 08:48:36,
"@IrsalmanSir @fauzanalrasyid @tempodotco Wah keren bat ya sekarang jakarta ,ada tapal kuda ada jis ada formula e ,a‚Ä¶ https://t.co/eoYbmI9gUf",2022-03-25 08:09:36,
"Pembangunan Sirkuit Formula E Jakarta dipantau langsung oleh panitia FEO...

Nggak sabar lihat hasilnya...
Pasti me‚Ä¶ https://t.co/YDIIeXfkj2",2022-03-25 08:01:13,Jakarta Capital Region
"@mpok_intan @aniesbaswedan Sampe sekarang saya masih bertanya2, kenapa bangun sirkulasi Formula E di Jakarta? Katan‚Ä¶ https://t.co/0LkB63t3Jv",2022-03-25 05:30:54,"Papua, Indonesia"
"Ketua DPRD DKI Jakarta Ungkap Praktik Ijon Uang Formula E, Penyelidikan Diserahkan pada KPK

https://t.co/Fdem5GHw3K
.",2022-03-25 05:17:44,Medan
"KPK tegaskan tak main-main usut dugaan korupsi formula E jakarta
#kpk https://t.co/KCE8bqTo6I",2022-03-25 05:10:37,
"@Rakyat_Recehan Kebanyakan sirkuit Formula E di selenggarakan di jalanan Tengah kota, Karena ingin :
- Promosi kein‚Ä¶ https://t.co/DzfcmMEZTJ",2022-03-25 04:23:56, Indonesia
"ü§£ü§£ü§£ü§£ masyarakat Dki jakarta hanya bisa tertawa dg partai satu ini,sirkuit Formula E sudah hampir rampung,mana ketua‚Ä¶ https://t.co/qsP4XtwEb4",2022-03-25 04:22:54,
Ancol DKI Jakarta rugi 392 M buka  600 M Ms Glow Pak Ribut Formula E @KPK_RI @ReneCC https://t.co/PuSY4grTc4,2022-03-25 04:18:23,"Jakarta Capital Region, Indonesia"
"KPK Tegaskan Tak Main-main Usut Dugaan Korupsi Formula E Jakarta
https://t.co/UmsOkNQRv9",2022-03-25 04:09:41,"Maluku Utara, Indonesia"
"@denkmit Sbg warga negara yg cinta Indonesia, bersyukur MotoGP bs ada lg d Indonesia, berharap kedepan semakin baik‚Ä¶ https://t.co/3oYHfkhipt",2022-03-25 02:46:24,S U K A B U M I
@ilhamjati4 @sigitwid @aniesbaswedan @psi_id @PSI_Jakarta @willsarana @kokokdirgantoro @aryobimmo @andrewenas‚Ä¶ https://t.co/A5IbfdDlqH,2022-03-25 02:40:45,Batavia 
@sigitwid @psi_id @aniesbaswedan @PSI_Jakarta @willsarana @kokokdirgantoro @aryobimmo @andrewenas @GunRomli @Uki23‚Ä¶ https://t.co/ymJSojOi4I,2022-03-25 02:05:42,Kelapa Gading
"Pengen bikin utas pengalaman nonton Formula E di Jakarta, tapi sirkuitnya belum jadi..

Sedih akutu..

üò•üò•üò•",2022-03-25 00:23:53,"Arctic Bay, Nunavut"
"Mungkin maunya Anies penontonnya pakai Sepeda lipat saja, tidak boleh pakai Mobil atau Sepeda Motor. ü§£üòÇ
Lalu kecepa‚Ä¶ https://t.co/OR6bE6QgfM",2022-03-24 23:55:00,
"Ayo @KPK_RI usut tuntas korupsi Formula E, sudah banyak bukti dan saksi adanya korupsi yang melibatkan Gubernur DKI‚Ä¶ https://t.co/Hh6BoE2f0C",2022-03-24 23:54:17,Sydney
@ChusnulCh__ @KejaksaanRI @DivHumas_Polri Ini org hatinya belum puas2 kalau sampai acara formula E 'tidak berjalan‚Ä¶ https://t.co/z1VRzOJBKo,2022-03-24 23:14:34,"DKI Jakarta, Indonesia"
@dennisgavin @sigitwid @aniesbaswedan @psi_id @PSI_Jakarta @willsarana @kokokdirgantoro @aryobimmo @andrewenas‚Ä¶ https://t.co/gIB5LDyNaU,2022-03-24 23:01:34,"DKI Jakarta, Indonesia"
"@Muhamad18442055 @santo91192 @Sarkawi95291207 Dp 0 persen ga sesuai janji, formula E ga jelas, suruh ngeruk kali ga‚Ä¶ https://t.co/emchwQRyod",2022-03-24 17:33:41,
@madularang @sigitwid @willsarana @aniesbaswedan @psi_id @PSI_Jakarta @kokokdirgantoro @andrewenas @GunRomli @Uki23‚Ä¶ https://t.co/bThObxi9lk,2022-03-24 17:07:32,"Jakarta Selatan, DKI Jakarta"
@ilhamjati4 @sigitwid @aniesbaswedan @psi_id @PSI_Jakarta @willsarana @kokokdirgantoro @aryobimmo @andrewenas‚Ä¶ https://t.co/H7tlohNE7z,2022-03-24 15:37:16,Bekasi
@ferrykoto @veraagustian_ @pengarang_sajak Itukan jelas belum ada perencanaan. Masih perlu didalami jg soal transfe‚Ä¶ https://t.co/oo7pIkcTw8,2022-03-24 15:13:16,
"@SikakArt @carakamini @mpok_intan @aniesbaswedan Ya gpp cu.. Selera orang mah beda¬≤ Motogp juga gak semua suka, con‚Ä¶ https://t.co/oseZDHadJ5",2022-03-24 14:56:14,
@Rakyat_Recehan Jangan gitu jakarta ini kan bagian Indonesia jg harusnya ttp bangga ada formula e moto gp semua event harus bangga,2022-03-24 14:34:13,"Malang, Jawa Timur"
"@Rakyat_Recehan Banyakin googling
https://t.co/7ETZmr5TSw",2022-03-24 14:25:26,
@EmgalibOposisi @Rakyat_Recehan Masa harus diceritain Siih...terlalu banyak...harus bikin thread...mau bikin lintas‚Ä¶ https://t.co/HxssprNqkQ,2022-03-24 14:12:16,
"@Rakyat_Recehan jangan dibaca,
https://t.co/AFYYO0Fhr9",2022-03-24 14:02:38,
"@sambat_resign Dia Stress di Jakarta 
Karena Formula E,,, Udah mulai Nampak Kemewahanja üòÖ",2022-03-24 13:50:34,Borneo  
"@hansssolo Tudingan Prasetyo ketua DPRD DKI, soal pinjaman Rp 180 M ke Bank DKI utk Formula E

Penjelasan Anies :
P‚Ä¶ https://t.co/MuruKJM2Ff",2022-03-24 13:22:24,
@cagubnyinyir2 @agengkkk @ArSunantoaris @ByuCyd @hansssolo @DesIndraL1 @hank_jkt @Oetaryo7 Tudingan Prasetyo ketua‚Ä¶ https://t.co/z7aKI076Dr,2022-03-24 13:21:29,
@ekstrak_manggis @FormulaGledek @tatakujiyati @YeyenAgoestine @Louis_chantika @Mdy_Asmara1701 @marlina_idha‚Ä¶ https://t.co/jcsURANqMG,2022-03-24 12:29:46,DKI Jakarta
@mpok_intan @aniesbaswedan Kalo lihat kalender Formula E 2022. Hanya Jakarta yg belum ada lokasi resmi tracknya dim‚Ä¶ https://t.co/thxfPhJFjv,2022-03-24 11:27:48,
"Ketua DPRD Jakarta Dua Kali Dipanggil KPK, Korupsi Formula E Akan¬†Terbongkar? https://t.co/9RhxKESFwm",2022-03-24 11:22:42,"Jakarta Selatan, DKI Jakarta"
Ketua DPRD DKI Jakarta Edy Prasetyo MINTA @KPK_RI Panggil Anies Baswedan Terkait SURAT KUASA Pinjaman Rp 180 Milyar‚Ä¶ https://t.co/ogkrAFyWRF,2022-03-24 11:19:36,"Jakarta Selatan, DKI Jakarta"
"Perencanaan yg gagal dari Gubernur DKI Jakarta sangat merugikan negara

https://t.co/WRcIviLwvw",2022-03-24 11:12:48,"Kota Manado, Sulawesi Utara"
"Konsep lesehan, sirkuit dunia akherat Formula E Jakarta https://t.co/9ZttxQ32eC",2022-03-24 11:05:56,Mars
"@kenshinbattous9 @bos_sir Kok pasrah Bong ! Gak serulah ! Atau sdh ngakui JIS, sirkuit formula E indah dan rapinya‚Ä¶ https://t.co/BQcInWjq3s",2022-03-24 10:58:39,
@asmujivahn @sapporo_jack @Iteungik @sofiankawar1 @JawaraSantuy @Wirakelana14 @ediasmawan @Prajakelana2‚Ä¶ https://t.co/gGiQtdc2zE,2022-03-24 10:48:38,"Pondokgede, Indonesia"
"Padahal sesuai Calender, Formula E di Jakarta Tgl 4 Juni.
Apa iy bisa kelar semua???? https://t.co/vMr8O0id8H https://t.co/gmp4vzUq8b",2022-03-24 10:12:31,Perantauan abadi
"@Rakyat_Recehan ya standar formula e sama motogp ya beda, sirkuit formula e paris aja lebih kecil daripada sirkuit formula e jakarta",2022-03-24 10:10:44,
@hidupistiqomah2 @giantsheva @EmgalibOposisi @Rakyat_Recehan Lah boss???? Yg di tanyain yg di jakarta loh?? Kok kau‚Ä¶ https://t.co/wTHbSYbPBE,2022-03-24 09:31:49,"StamfordSiro , MilanLondon"
"Plt Jubir Komisi Pemberantasan Korupsi (KPK), Ali Fikri, tak menutup kemungkinan akan memanggil Gubernur DKI Jakart‚Ä¶ https://t.co/qF4KtzgheC",2022-03-24 09:05:00,
Komisi Pemberantasan Korupsi (KPK) membuka peluang untuk memanggil dan meminta keterangan dari Gubernur DKI Jakarta‚Ä¶ https://t.co/2U0rkVRzOz,2022-03-24 08:59:38,Indonesia
Direktur CYPR menilai pemanggilan Ketua DPRD Jakarta oleh KPK untuk membongkar dugaan korupsi Formula E.‚Ä¶ https://t.co/WW5tolwNBu,2022-03-24 08:30:01,"Jakarta, Indonesia"
"BACA SAMA KOMEN
‚Ä¢
Mengenal Lebih Jauh Formula E Yang Akan diselenggarakan Di Jakarta https://t.co/F5J2rUHJne",2022-03-24 07:41:04,Indonesia
"Formula E Jakarta lebih unik lagi...
Sirkuitnya dibangun di pinggiran kota...
.
.
Salah satu keunikan Formula E dib‚Ä¶ https://t.co/WKwiOGZ6X1",2022-03-24 06:58:53,Indonesia
Mending indo fokus di MotoGP Mandalika sama Formula E dulu aja gosah terlalu ambisius ngadain F1. Mandalika juga be‚Ä¶ https://t.co/nBFaBc4ydN,2022-03-24 05:34:04,6‚Å∞NL - 11‚Å∞SL & 95‚Å∞EL - 141‚Å∞EL
@badonci Alasan bayar komitmen Formula E untuk Langit Jakarta.,2022-03-24 05:17:15,Jakarta Capital Region
Berharap Sirkuit Formula E hanya dipakai untuk (balapan) kendaraan listrik saja.  Kan gak lucu kampanye langit Jaka‚Ä¶ https://t.co/7WLhpGzdif,2022-03-24 05:10:17,Jakarta Capital Region
@kebijakananies_ @marlina_idha @tatakujiyati @GeiszChalifah @kebijakananies @Relawananies @faktaanies‚Ä¶ https://t.co/SBeGCI01wT,2022-03-24 04:09:34,
Komisi Pemeriksaan Korupsi (KPK) membuka kemungkinan untuk memanggil Gubernur DKI Jakarta Anies Baswedan atas dugaa‚Ä¶ https://t.co/y3GySNwNhE,2022-03-24 03:16:52,lokalisasi kelas teri
"Design mobil Formula E spt inilah yg bikin aku penasaran berharap pengen nonton e-prix di Jakarta.. 
semoga beneran‚Ä¶ https://t.co/7ASSiKrqGf",2022-03-24 02:24:19,INNOVATOPIA
"Semoga event Formula E JAKARTA beneran terwujud.. brangkat nonton kita... 
Aku sangat suka dg design mobil Formula‚Ä¶ https://t.co/t2zK9axKrb",2022-03-24 02:16:00,INNOVATOPIA
@marlina_idha Trus kl dah jd ada pembalap Jakarta/ Indonesia yg ikut tampil di formula e??percuma anggaran milyaran‚Ä¶ https://t.co/3p4sPPVldh,2022-03-24 01:40:07,Bekasi
"Tudingan Prasetyo ketua DPRD DKI, soal pinjaman Rp 180 M ke Bank DKI utk Formula E

Penjelasan Anies :
Penganggaran‚Ä¶ https://t.co/UVQbaapWYT",2022-03-23 22:02:19,
"Soal Formula E, KPK Buka Peluang Memanggil dan Memeriksa Gubernur DKI Jakarta Anies Baswedanhttps://pusaran.co/soal‚Ä¶ https://t.co/YoLPVCAwjj",2022-03-23 20:59:24,
"Soal Formula E, KPK Buka Peluang Memanggil dan Memeriksa Gubernur DKI Jakarta Anies Baswedan https://t.co/Zk0QWHCW0N https://t.co/nYFDirAYYA",2022-03-23 20:58:51,"Serang, Indonesia"
@KRMTRoySuryo2 saya berharap saat formula e di jakarta anda yg menyanyikan lagu Indonesia Raya,2022-03-23 19:07:26,
@cagubnyinyir2 @KPK_RI @KPK_indonesia @firlibahuri @BossToukeeIsa @YustusHarefa @RizkiR4madani @Dhimaz_Ariya‚Ä¶ https://t.co/rMi5Q9CDK6,2022-03-23 16:51:36,"Jakarta Selatan, DKI Jakarta"
"Ketua DPRD DKI Jakarta, Prasetyo Edi  mengungkap adanya dugaan praktik ijon, atau adanya anggaran yg dikeluarkan se‚Ä¶ https://t.co/2TrBf7X15Q",2022-03-23 16:31:43,
"Belum digelar aja udh berbau masalah . piye Pak @aniesbaswedan üôÑ

https://t.co/qXtxzAB7ZW",2022-03-23 15:55:22,Indonesia
"Ketua DPRD DKI Jakarta Ungkap Praktik Ijon Uang Formula E, Penyelidikan Diserahkan pada KPK https://t.co/Fw6D7HZrg1 https://t.co/Mss6XKNdQc",2022-03-23 15:47:05,Indonesia
@nurilhuda501 @antikorupsi @bersihkan_indo @FraksiRakyat_ID @KontraS @GreenpeaceID @YLBHI @walhinasional @RumahAMAN‚Ä¶ https://t.co/1ox8VQL4fk,2022-03-23 15:19:03,
"‚òÖ Persiapan penyelenggaraan balapan mobil listrik Formula E di Ancol, Jakarta Utara, terus dikebut ditengah adanya‚Ä¶ https://t.co/xsmxbNHVVB",2022-03-23 14:46:32,Republik Indonesia
"@Bratva97162884 @jumintenGAKsexy Ya masalah dong, secara kartu-kartu itu tdk lebih dari iming-iming halu.. Ngebohon‚Ä¶ https://t.co/SAg75GPz6W",2022-03-23 14:42:59,
"Dugaan Korupsi Proyek Formula E Belum Kunjung Terungkap, Warganet: Butuh Pawang Anggaran: Ketua DPRD DKI Jakarta, P‚Ä¶ https://t.co/5tatc0NqrF",2022-03-23 14:40:03,"Makassar, Indonesia"
@_MbakSri_ Jika semua anggota DPRD DKI Jakarta ramai 2 lapor berarti mereka tdk terlibat dalam masalah  Formula E.,2022-03-23 14:00:25,
"DKI Jakarta bagi @KPK_RI akan selalu ada kata ;
Cium
Endus
Kooperatif
Curiga
Kelebihan bayar.

Setelah itu hilang s‚Ä¶ https://t.co/iXnOQnPfYN",2022-03-23 12:56:48,
"Kalo ada org dukung Mandalika MotoGP tapi nolak Formula E Jakarta, atau sebaliknya... Berarti mereka jelas biased k‚Ä¶ https://t.co/kaB630spNX",2022-03-23 12:51:48,Jakarta Capital Region
"Lah , Tujuan anies itu mengundang 7 Fraksi menjelaskan Formula E :) Biar paham , Ya masa sekelas Wakil Rakyat ndak‚Ä¶ https://t.co/BgtSsCfJRw",2022-03-23 12:37:57,Republic Of Indonesia
"@marlina_idha Ini sirkuit formula e kuda lumping 
Antara modern dan tradisional 
Luar biasa, andai sirkuit formula‚Ä¶ https://t.co/comJVKoVgw",2022-03-23 12:12:58,negeri di  ujung jurang
"@zarazettirazr Soal Pinjaman Rp 180 M ke Bank DKI, Ini Penjelasan Anies.

Penganggaran Formula E sudah diperiksa BP‚Ä¶ https://t.co/UQZbjJkAOP",2022-03-23 11:38:27,
Prasetyo Edi Marsudi mengaku ditekan terkait uang Rp 180 miliar yang telah dikeluarkan pemerintah provinsi (pemprov‚Ä¶ https://t.co/X5TYvwecAk,2022-03-23 11:09:04,"Brisbane, Queensland"
"Ketua DPRD Jakarta memberi keterangan kepada penyidik soal praktik commitment fee penyelenggaraan Formula E.
 https://t.co/BC7ne6CZq2",2022-03-23 11:02:19,Jakarta
"Ketua Badan Kehormatan (BK) DPRD DKI Jakarta Ahmad Nawawi mengatakan, pihaknya sudah memegang hasil sidang dugaan p‚Ä¶ https://t.co/3P5JDIaGvh",2022-03-23 10:39:33,
"Paling Getol Menentang Formula E, Ketua DPRD Jakarta Berhadapan dengan KPK dan¬†BK https://t.co/aF82oQlNpS",2022-03-23 10:14:20,Pekanbaru
@Dijei_Mc @marlina_idha Sudah beli tiketnya ? Sukseskan Formula E ü§≠ü§≠ https://t.co/qUYcHBh0Qo,2022-03-23 10:02:23,Kidul Ban Sepur 
"Ini @KPK_RI dikasih dana triliunan rupiah tiap tahunnya, beraninya cuma ke pejabat"" didaerah yang korupsi nilainya‚Ä¶ https://t.co/Lku6308IFS",2022-03-23 08:57:21,What's In Your Mind
"@_ekokuntadhi Saya tdk bangga"" banget formula e di gelar di jkt,masalah nya pemprov dki jkt sudah melakulan praktek‚Ä¶ https://t.co/1f3cZiVd8W",2022-03-23 08:33:05,"Tangerang, Indonesia"
"Dugaan Korupsi Formula E, KPK Bakal Panggil Anies Baswedan? https://t.co/Z4EXDc41LW",2022-03-23 08:24:03,"Jakarta, Indonesia"
"Wakil Gubernur DKI Jakarta, Ahmad Riza Patria, mengklaim pengaspalan sirkuit Formula E atau Jakarta E-Prix 2022 di‚Ä¶ https://t.co/uyICT8wZZt",2022-03-23 08:16:01,"Jakarta, Indonesia"
KPK memiliki peluang untuk memanggil pihak terkait untuk menyelidiki dugaan korupsi pelaksanaan ajang balap Formula‚Ä¶ https://t.co/UwoA7pw97t,2022-03-23 08:07:19,"DKI Jakarta, Indonesia"
"Dugaan Korupsi Formula E Jakarta 2022, KPK Panggil Lagi Ketua DPRD DKI https://t.co/FhJORYtAIC",2022-03-23 08:06:10,"Jakarta, Indonesia"
"@marlina_idha Sirkuit Formula E Jakarta saya yakin sudah selesai dibangun jauh2 hari andai saja ""tidak dihadang kir‚Ä¶ https://t.co/OM8vz6L5SR",2022-03-23 07:29:39,Indonesia
Penolakan keras Ketua DPRD DKI Jakarta Prasetyo Edi Marsudi terhadap pergelaran Formula E di Jakarta membawanya ber‚Ä¶ https://t.co/riaWyfqNKL,2022-03-23 07:09:12,Jakarta
Status penjualan tiket Formula E di Jakarta masih berstatus not on sale. Maka dari itu PT Jakarta Propertindo (Jakp‚Ä¶ https://t.co/wsUE4X7Yan,2022-03-23 06:58:00,Jakarta
"KPK terus mengusut kasus dugaan korupsi Formula E. Kemarin, KPK telah memeriksa Ketua DPRD DKI Jakarta Prasetyo Edi‚Ä¶ https://t.co/uW3OH3iUiQ",2022-03-23 06:45:04,Indonesia
"Alkhamdulillaah Pak semoga segera terang benderang kasus besar ini, rakyat menanti gigitan taringmu @KPK_RI untuk k‚Ä¶ https://t.co/hT6alpxSiO",2022-03-23 06:43:23,
"Terkait Kasus Dugaan Korupsi Formula E, KPK Kembali Periksa Ketua DPRD DKI Jakarta Prasetyo Edi Marsudi‚Ä¶ https://t.co/aUUYa7wYsw",2022-03-23 06:27:50,
Ini Dia 5 Calon Pembalap Jawara Formula E Series Jakarta Mendatang https://t.co/rfeGZVWuzb,2022-03-23 06:27:06,"Bogor, Jawa Barat"
"Setelah PEMANISS Mandalika sukses selenggarakan event MotoGP nya dengan bermacam Kritik membangunnya, maka Ancol In‚Ä¶ https://t.co/wY2fxhFoAw",2022-03-23 05:58:16,indonesia
"Diperkisa KPK Terkait Dugaan Korupsi Formula E Jakarta, Ketua DPRD DKI Ungkap Pinjaman Rp 180¬†Miliar https://t.co/wx63qMAm7d",2022-03-23 05:38:46,"North Sumatra, Indonesia"
"""Sebagai warga negara dan pimpinan DPRD Provinsi DKI Jakarta, saya patuh, siap memberikan keterangan apa pun di per‚Ä¶ https://t.co/KwcaQ7losB",2022-03-23 05:28:51,Jakarta
@antikorupsi @bersihkan_indo @FraksiRakyat_ID @KontraS @GreenpeaceID @YLBHI @walhinasional @RumahAMAN‚Ä¶ https://t.co/4mbkHV8M2v,2022-03-23 04:57:23,Diatas pohon
"@sigitwid @Dennysiregar7 @RajaJuliAntoni @AndiSaifulHaq @kokokdirgantoro @andrewenas btw JIS keren banget ya, kelas‚Ä¶ https://t.co/nGBgiac1Kg",2022-03-23 04:40:22,
"PROYEK SIRKUIT FORMULA E JAKARTA SUDAH CAPAI 80%..??
https://t.co/3oInhLN0Ds",2022-03-23 04:37:22,
"Meski persiapannya sangat mepet, saya pribadi berharap dan yakin penyelenggaraan Formula E di Jakarta akan berjalan‚Ä¶ https://t.co/RSMy8pTXhH",2022-03-23 04:30:49,Mojokerto
@marlina_idha Ah  @marlina_idha kau ini bikin bingung kemarin anda bilang kata formula E sukses digelar di Jakarta   sekarang beda lagi,2022-03-23 04:23:15,"Bogor, Jawa Barat"
"@marlina_idha Di Jakarta ada Sirkuit Formula E, Di Lombok ada Sirkuit Moto GP. Kalau dua2nya lolos standar FIA kere‚Ä¶ https://t.co/faioZK7JFY",2022-03-23 04:20:42,"√úT: -6.921702,107.600372"
"commitment fee¬†yg dibayarkan Jakarta jauh lebih besar dibandingkan uang yg dibayarkan di negara2 lain.
Penyelenggar‚Ä¶ https://t.co/BfTD7BiWYW",2022-03-23 04:05:08,
"Hujan lebat plus angin di Jakarta Barat. Kalo hujan kek gini, pengerjaan lintasan Formula E itu pake pawang hujan apa kagak ya?",2022-03-23 03:59:34,Jakarta
"KPK: Keterangan Ketua DPRD DKI Jakarta untuk Temukan Pidana Formula E
https://t.co/lDgH586uE3",2022-03-23 03:58:56,"Cirebon, Jawa Barat, Indonesia"
Ketua DPRD DKI Jakarta Prasetyo Edi Marsudi meminta KPK untuk memeriksa semua orang yang dianggap terlibat dugaan k‚Ä¶ https://t.co/ZDQOm4fmYO,2022-03-23 03:54:03,Indonesia
KPK berpeluang memanggil pihak terkait untuk menyelidiki dugaan korupsi pelaksanaan ajang balap Formula E. Salah sa‚Ä¶ https://t.co/bMSkbpjwyQ,2022-03-23 03:44:59,Indonesia
Ajang moto GP di Mandalika sukses di gelar sekarang kita tunggu tunggu ajang formula e yang diadakan di Jakarta apa‚Ä¶ https://t.co/FHdCWbFpcO,2022-03-23 03:44:50,
"Top News Koran Rakyat Merdeka

Menyambangi Proyek Formula E Treknya Sudah Diaspal, Drainase Sudah Dipasang, Kuda Lu‚Ä¶ https://t.co/UbcpjYWRHO",2022-03-23 03:39:30,
Komisi Pemberantasan Korupsi (KPK) terus menyelidiki dugaan korupsi terkait pelaksanaan ajang balap internasional F‚Ä¶ https://t.co/WgYtuHBEqP,2022-03-23 03:24:17,Indonesia
Ketua DPRD DKI Jakarta Diperiksa KPK Terkait Formula E | Kabar Petang tvOne https://t.co/sHdxTqT2i6,2022-03-23 03:11:10,Indonesia
@Burakos7 @GeiszChalifah Sirkuit kelas F1 di Jeddah itu dibuat dalam waktu 8 bulan dengan kompleksitas level F1 dan‚Ä¶ https://t.co/BajwgVdkyw,2022-03-23 03:07:26,Tanya aja langsung
Badan Kehormatan (BK) DPRD DKI Jakarta akan mengumumkan hasil pemeriksaan Ketua DPRD DKI Prasetyo Edi Marsudi terka‚Ä¶ https://t.co/8TsjbyLT9a,2022-03-23 02:02:39,Indonesia
KPK: Keterangan Ketua DPRD DKI Jakarta untuk Temukan Pidana Formula E https://t.co/DtYlN43fDd,2022-03-23 01:36:06,
haaa baru tau ntar formula e bakal ada di jakarta,2022-03-23 01:22:37,Indonesia
"Bang @Dennysiregar7 , kayaknya Pawang Ujan Mandalika harus dibawa ke Jakarta deh. Biar ga banjir lagi. Apa lagi kan mau Formula E. Hehehe",2022-03-22 19:54:22,West-Timor
@firzahusainInc Bila Jakarta sukses menyelenggarakan ...formula .E ...yg bangga siapa nih ...hanya orang Jakarta sj ...atau siapa ..?,2022-03-22 19:26:09,"Cikarang, Indonesia"
@GeiszChalifah Formula E diurusi. Polusi Jakarta gk diurusi‚Ä¶cuma numpang tren doang buat 2024 üòÇ,2022-03-22 18:55:13,"Jakarta Capital Region, Indonesia"
@PrasetyoEdi_ @FIAFormulaE @KPK_RI Bapak mau seribu kali pun kasih data &amp; ksh keterangan ke @KPK_RI  ...saya kok ra‚Ä¶ https://t.co/resweKYhZV,2022-03-22 17:54:02,
@PrasetyoEdi_ @FIAFormulaE @KPK_RI Anda tdk ungkap apakah dlm APBD-P DKI Jakarta 2019 sdh dianggarkan pembayaran co‚Ä¶ https://t.co/1SI7Afly3x,2022-03-22 15:18:15,"Jakarta Selatan, DKI Jakarta"
@Budijon76660606 @prastow @KRMTRoySuryo2 Aduhh coba cari tau dulu deh masterplan pengembangan Mandalika.. tolong ja‚Ä¶ https://t.co/NjTWO0zT1i,2022-03-22 15:17:38,
"Jelang Formula E Series Jakarta, Ini 5 Pebalap Calon Jawara Series Jakarta https://t.co/IB3P586Si6",2022-03-22 15:05:05,
"Jelang Formula E Series Jakarta, Ini 5 Pebalap Calon Jawara Series Jakarta https://t.co/ebrZCPtlNV",2022-03-22 15:02:03,"Jakarta, Indonesia"
Ketua DPRD DKI Jakarta¬†Prasetio Edi Marsudi¬†berjanji akan membuat terang kasus dugaan korupsi Formula E Jakarta pad‚Ä¶ https://t.co/3Qk1oZkp82,2022-03-22 14:30:15,Indonesia
KPK diminta transparan mengenai pengusutan dana Formula E Jakarta. https://t.co/M0j56rktMp,2022-03-22 14:14:12,"Jakarta, Indonesia"
"@geloraco Apa hubungannya Ki Bedul , si pawang hujan dengan kedatangan Anies ? Pak Anies datang sebagai studi bandi‚Ä¶ https://t.co/wjdAl75VHU",2022-03-22 13:58:59,
"Dibaca nih beritanya yah.!

Formula E bakalan pake pawang hujan juga.
kalo menurut bahasanya Pak Wagub DKI tergantu‚Ä¶ https://t.co/ywnRj7S4jF",2022-03-22 13:37:07,Indonesia
"stop bicara mandalika, kita dukung formula e JAKARTA... dukung pak gub @aniesbaswedan sukseskan JIS dan Formula E üí™",2022-03-22 13:26:40,"Damascus, Syria"
"@nblhaqimie @panca66 @msaid_didu https://t.co/CgpT5PHPxo

Woe Upin""..jangan sebar hoax kau bangkeü§£ü§£",2022-03-22 13:21:20,"Enderby, England"
@SantorinisSun Pasti jadi ngk mungkin mangkrak  sudah pasti peruntukannya bukan untuk formula E tapi untuk ajang ba‚Ä¶ https://t.co/D3os2MtcEn,2022-03-22 13:16:45,"Denpasar, Bali"
"Belum Pernah Panggil Anies, Ketua DPRD DKI Minta KPK Transparan Dan Akuntabel Usut Kasus Formula E

#FormulaE‚Ä¶ https://t.co/mVbcMNOYJx",2022-03-22 13:04:47,
"Ketua DPRD DKI Beberkan Ijon Rp 180 Miliar Pemprov Ke Bank DKI Buat Formula E

#FormulaE #Jakarta #AniesBaswedan‚Ä¶ https://t.co/j2vQFUaUyX",2022-03-22 13:03:31,
"Padahal di hari yang sama DPRD DKI Jakarta baru menetapkan dan mengesahkan Perubahan APBD Tahun 2019.

Saya menduku‚Ä¶ https://t.co/Q7MLWhPMQE",2022-03-22 13:03:30,Jakarta Capital Region
DKI Jakarta akan menjadi tuan rumah ajang balap internasional Formula E pada 4 Juni 2022. Pemerintah Provinsi (Pemp‚Ä¶ https://t.co/y2QT4BfkhF,2022-03-22 13:00:35,"Jakarta Selatan, DKI Jakarta"
Sirkuit Formula E di Jakarta Utara dilaporkan telah mencapai 80% pengerjaan. Perkembangan ini dikebut jelang persia‚Ä¶ https://t.co/2nQG9KIgOx,2022-03-22 12:58:32,"Jakarta Selatan, DKI Jakarta"
Ketua DPRD DKI Jakarta Prasetyo Edi Diperiksa KPK soal Dugaan Korupsi pada Proyek Formula E Ancol‚Ä¶ https://t.co/Tv5mLk3gMx,2022-03-22 12:52:34,Indonesia
@NyiMasRuminah @PKSejahtera @Mdy_Asmara1701 @musniumar @Nicho_Silalahi Waahh...klu merasa kalah pamor sama Anies...‚Ä¶ https://t.co/FKlX3004e4,2022-03-22 12:51:45,
Ketua DPRD DKI Jakarta Prasetyo Edi Marsudi kembali diperiksa KPK terkait kasus dugaan korupsi Formula E. Prasetyo‚Ä¶ https://t.co/k0Z7gZlFS0,2022-03-22 12:31:02,Indonesia
"Ketua DPRD DKI Jakarta diperiksa KPK terkait Formula E

Ada apa dengan Pawang APBD DKI?

#FormulaE https://t.co/KFzQZMSFaZ",2022-03-22 11:57:25,
"@_ekokuntadhi Eh botak ..
Bkn nya tereakin migor LG mahal 
Tereakin MotoGP formula E
Migor nih mahal lu Taekin bisa‚Ä¶ https://t.co/EXTAqtRotM",2022-03-22 11:20:21,
"https://t.co/Dqk7rUqCOB 

Kenapa sih kok seneng nya NYONTEK ? 
ü§≠ü§≠ https://t.co/xb0HdWAbZe",2022-03-22 10:55:09,Indonesia
"@IbrahimBarraq @EkoPras50290197 @SantorinisSun Anda salah‚Ä¶ ide formula e murni dr Anies, jd pusat tdk terlibat. Dar‚Ä¶ https://t.co/oeONmxMDZq",2022-03-22 10:36:36,"Zittau, Germany"
Ketua DPRD DKI Jakarta Prasetio Edi Marsudi telah diperiksa KPK terkait Formula E. Dia mengaku ditanya anggaran Rp‚Ä¶ https://t.co/Gk14FXYouf,2022-03-22 10:26:26,"Jakarta, Indonesia"
"Prasetyo Edi menjalani pemeriksaan di Gedung Merah Putih KPK, Jakarta, Selasa (22/3), untuk dimintai keterangan seb‚Ä¶ https://t.co/Kyd9I59DGp",2022-03-22 10:10:48,"Jakarta, Indonesia"
Prasetio Edi juga berjanji akan patuh dan siap memberikan keterangan apapun kepada KPK https://t.co/hPCXZLoCiO,2022-03-22 10:00:03,Jakarta Capital Region
"Seluruh lintasan Sirkuit Formula E (E-Prix) Jakarta sudah diaspal lapisan 1..üèéüèéüèéüèé

üìçFormula E , Ancol, Jakarta Utar‚Ä¶ https://t.co/Dglg4g9HmW",2022-03-22 09:42:35,"DKI Jakarta, Indonesia"
"Selamat atas suksesnya penyelenggaraan MotoGP Mandalika! 

Indonesia emang KEREN... 

Pak Presiden @jokowi Keren...‚Ä¶ https://t.co/7L2zV9ka7g",2022-03-22 09:28:40,Jakarta
"Wakil Gubernur DKI Jakarta, Ahmad Riza Patria memberikan tanggapan terkait pemeriksaan kembali Ketua DPRD DKI Jakar‚Ä¶ https://t.co/0gBsBiSaSo",2022-03-22 09:20:39,Indonesia
Ketua DPRD DKI Jakarta Prasetyo Edi Marsudi mengaku sempat tak tahu saat Dinas Pendidikan dan Olahraga (Dispora) DK‚Ä¶ https://t.co/hKOVwI2ypo,2022-03-22 09:15:14,Indonesia
"@KPK_RI POCO POCO MENARI MAUMERE !
KPK Kembali periksa Ketua DPRD DKI Jakarta, Prasetyo M terkait dugaan balap mobi‚Ä¶ https://t.co/yrp8lEf3EC",2022-03-22 09:01:25,"Jakarta Capital Region, Indone"
Hari ini merupakan kali kedua Ketua DPRD DKI Jakarta Prasetyo Edi Marsudi diperiksa KPK soal dugaan korupsi Formula‚Ä¶ https://t.co/iX0XCafSzp,2022-03-22 09:00:03,Indonesia
@takanakagami30 @Cahyadi_refa see you at Jakarta Formula Eüôèüèª,2022-03-22 08:57:48,
Prasetio disidang oleh BK karena diduga melakukan pelanggaran etik terkait hak interpelasi Gubernur DKI Jakarta Ani‚Ä¶ https://t.co/6FpxxTSR3t,2022-03-22 08:38:13,Jakarta
@makLambeTurah Formula E gak disangkutkan sama warga jakarta yg meninhal di sungai pas mau berak.,2022-03-22 08:22:35,Batang
Wakil Gubernur DKI Jakarta Ahmad Riza Patria menanggapi kehadiran Ketua DPRD DKI Prasetyo Edi Marsudi ke gedung Kom‚Ä¶ https://t.co/lJQiNajJBg,2022-03-22 07:55:59,Indonesia
Saya sebagai anak kelahiran Jakarta dan besar di Jakarta terdaftar sebagai Penduduk Jakarta mohon doa restu agar Ac‚Ä¶ https://t.co/iaJg9ZxBNz,2022-03-22 07:44:30,
"POCO POCO @KPK_RI !
KPK Kembali periksa Ketua DPRD DKI Jakarta, Prasetyo Marsudi terkait dugaan korupsi penyelengga‚Ä¶ https://t.co/uX3RLD5lkP",2022-03-22 07:35:52,"Jakarta Capital Region, Indone"
@firzahusainInc Mereka sudah ketakutan jika Formula E pake pawang anggaran karna akan kebongkar aib mereka dalam mengeruk APBD Jakarta mbk,2022-03-22 07:26:12,
"Prasetyo Edi Marsudi hari ini, Selasa, 22 Maret 2022, kembali mendatangi gedung Komisi Pemberantasan Korupsi (KPK)‚Ä¶ https://t.co/nurrEQSKwI",2022-03-22 07:20:42,Indonesia
"Ketua DPRD DKI Dua Kali Dipanggil KPK soal Formula E, Wagub: Tidak Ada yang Luar Biasa https://t.co/e2M5ozxK0k",2022-03-22 07:14:10,"Jakarta, Indonesia"
Ketua DPRD DKI Prasetyo Edi Marsudi kembali memenuhi undangan KPK terkait dugaan korupsi proses penyelenggaraan bal‚Ä¶ https://t.co/IvsqWyOi7e,2022-03-22 07:00:01,Jakarta Capital Region
"@moeltea13 Persija udah jadi juara di hati gw... Maen ke Jakarta dong, ntar gw ajak liat JIS sama mantau sirkuit Fo‚Ä¶ https://t.co/cEMl7RfiPc",2022-03-22 06:00:52,Bekasi - Jakarta 
"Ini kok kayaknya cuman bolak balik ngecek, periksa dll sih? Seperti ngulur ngulur waktu. 

https://t.co/3qNqjGlghI‚Ä¶ https://t.co/YOc4g0rs3e",2022-03-22 05:24:22,"Jakarta Pusat, DKI Jakarta"
@SantorinisSun kalo formula e dgn perencanaan abal2. apa mungkin terselenggara? nih beritanya kok ketua dprdnya pes‚Ä¶ https://t.co/krYt7JJp5g,2022-03-22 05:16:14,
"Formula E di Jakarta Tinggal 74 Hari, Status Penjualan Tiket Masih 'Not On Sale' https://t.co/OPx4w7OiHJ",2022-03-22 05:14:36,Indonesia
"Majulah negeriku .
MotoGP, formula E , stadion JIS Jakarta, tuan rumah piala dunia.
Ini tanda tanda Indonesia mampu‚Ä¶ https://t.co/VqsZv0yobo",2022-03-22 05:07:50,
Ketua DPRD DKI Prasetyo Edi Kembali Diperiksa KPK Soal Formula E https://t.co/LB2tJjwPFJ,2022-03-22 05:00:32,"Jakarta, Indonesia"
"Pemeriksaan Korupsi Formula E Berlanjut, Ketua DPRD DKI Jakarta Prasetyo Edi Marsudi Penuhi Panggilan KPK https://t.co/Lqufnd1c1D",2022-03-22 04:59:04,Tangerang Selatan
"Barakallahu fiik Pak Anies.. Selamat mempersiapkan diri dan keluarga menyambut bulan suci Ramadhan, semoga Allah se‚Ä¶ https://t.co/SD1eHM3cSS",2022-03-22 04:52:31,malang
Wagub DKI Isyaratkan Tidak Memakai Pawang Hujan saat Formula E¬†Jakarta https://t.co/tzuDAHrOgo,2022-03-22 04:52:25,Jakarta Capital Region
Ketua DPRD DKI Penuhi Panggilan KPK Atas Penyelidikan Dugaan Korupsi Formula E https://t.co/RAYDHk8Ix7,2022-03-22 04:45:04,Indonesia
Wagub DKI Jakarta Klaim Pembangunan Sirkuit Formula E Sudah Capai 80 Persen https://t.co/94xBEx8XoZ,2022-03-22 04:41:59,Indonesia
"""Sebagai warga negara dan pimpinan DPRD Provinsi DKI Jakarta, saya patuh, siap memberikan keterangan apa pun di per‚Ä¶ https://t.co/etP2KHkCuF",2022-03-22 04:39:10,Jakarta
"@kurawa @jokowi Formula E cuma proyek ambisius yg dipaksakan dan tdk punya manfaat bg warga jakarta, knp janji kamp‚Ä¶ https://t.co/otbZEWCGS0",2022-03-22 04:35:38,
Saat ini DKI fokus pada lanjutan pembangunan sirkuit berupa penanaman rumput. https://t.co/5QCeWydgnx,2022-03-22 04:26:53,"Jakarta, Indonesia"
Komisi Pemberantasan Korupsi (KPK) memanggil Ketua DPRD DKI Jakarta Prasetyo Edi Marsudi untuk dimintai keterangan‚Ä¶ https://t.co/3cMYCa2OHD,2022-03-22 04:26:52,Indonesia
"@SekarJayanti07 @bachrum_achmadi Insyaallah Jakarta Utara g hujan klo pas formula E, Krn Jakarta Utara memang jaran‚Ä¶ https://t.co/dMPwlPyUM8",2022-03-22 04:11:05,
"KPK tegaskan tak main-main usut dugaan korupsi formula E jakarta
#KPKUpdates https://t.co/a3bdhJsSip",2022-03-22 04:04:16,"Gorontalo, Indonesia"
"Prasetyo Edi Marsudi Kembali Dipanggil KPK, Siap Beberkan Dugaan Korupsi Formula E
 
https://t.co/IC0ZOmdJol lewat‚Ä¶ https://t.co/iRt5y955Ao",2022-03-22 03:59:20,Jalan Palmerah Barat 33-37 Jkt
Ini Proses Pembangunan Sirkuit Formula E Jakarta https://t.co/42KLu7ilRH,2022-03-22 03:36:33,Jakarta
Jakarta International E-Prix Circuit (JIEC) atau Sirkuit Ancol telah mencapai 80 persen penyelesaian. Sirkuit ini a‚Ä¶ https://t.co/khydkll4PU,2022-03-22 03:20:09,Jakarta
Semoga keterangan yang saya dapat membantu penyidik dan membuat terang permasalahan Formula E di Jakarta.,2022-03-22 03:19:53,Jakarta Capital Region
"PKS Jakarta Minta Penyelenggara Formula E Ancol Tak Pakai Jasa Pawang Hujan

#pawanghujan #pawanghujanmandalika‚Ä¶ https://t.co/qnF2YSlZUX",2022-03-22 03:18:49,"Jakarta, Indonesia"
@Babi_TIDAKHARAM @mickeynasution Besok nonton formula E aja ya. Bikin caption. Ini lho jakarta...,2022-03-22 03:13:48,"Tangerang, Indonesia"
Pemprov DKI Isyaratkan Tak Akan Pakai Pawang Hujan di Ajang Formula E Jakarta https://t.co/NoIC7ksp2L,2022-03-22 03:06:34,Jakarta
Formula E menjadi salah satu acara internasional yang bakal digelar di Jakarta pada tahun ini. Kapan jadwalnya ?‚Ä¶ https://t.co/TFd746qI2z,2022-03-22 03:04:03,Indonesia
"Fans Formula E yakin penyelenggaraan Formula E di Jakarta akan sukses, ini alasannya!
https://t.co/fVzk4RjHAm",2022-03-22 03:00:02,Jakarta Capital Region
Wagub DKI Ahmad Riza Patria berharap kesuksesan gelaran balap motor MotoGP di Mandalika juga bisa diikuti kesuksesa‚Ä¶ https://t.co/cQkVtY1gBA,2022-03-22 02:56:58,Indonesia
Pemprov DKI Isyaratkan Tak Akan Pakai Pawang Hujan di Ajang Formula E Jakarta https://t.co/oMxilAqgsv,2022-03-22 02:53:06,Jakarta
"Top News Koran Rakyat Merdeka

MotoGP Sukses Digelar 
Kini, Oposisi Dan Koalisi Tertuju Ke Formula E

#FormulaE‚Ä¶ https://t.co/OscQFSB6ZD",2022-03-22 02:05:00,
"@SantorinisSun @RaniKancana__ Setuju nih. Formula E boleh dong diapresiasi, tapi secukupnya saja, sesuai levelnya.‚Ä¶ https://t.co/fr5rao3Jdn",2022-03-22 01:33:43,Jabodetabek
"@firzahusainInc Pawang hujan untuk Formula E di Jakarta kayaknya SBY bisa tuh, soalnya dia kan paling takut kehujan‚Ä¶ https://t.co/8CORuVi7G5",2022-03-22 01:07:27,
"Ahmad Riza Patria bicara soal pembangunan sirkuit Formula E Ancol, Jakarta Utara, menggunakan frasa sudah besar. Si‚Ä¶ https://t.co/1minPZIPz5",2022-03-22 01:00:04,Indonesia
"@VIVAcoid Kemarin katanya dilarang menghujat demi kepentingan bersama Indonesia, nah memang Formula E yg adain Negara Jakarta yaa??üòÇüòÇüòÇ",2022-03-22 00:44:53,"Makassar, Indonesia"
"@dadangcepot Nanti pas penyelenggaraan Formula E, Jakarta Zona Merah cenderung Hitam.....üòÇüòÇüòÇüòÇ",2022-03-22 00:28:42,Depokcity
"Jakarta mau adakan Formula E tujuannya JELAS! Kampanye gunakan kndaraan Listrik utk kurangi polusi udara, tapi jg k‚Ä¶ https://t.co/srBpGuiWbX",2022-03-22 00:26:03,"Tebet, Indonesia"
"Jadi ternyata...
Kebanyakan dr yg nyinyir soal even MotoGP Mandalika itu memang berbau politis!
Sebagian besarnya m‚Ä¶ https://t.co/4GrUKFHwDs",2022-03-21 23:44:46,üåû
"Balapan Formula E Jakarta Dinilai Tak Perlu Pakai Pawang Hujan, Ini Alasannya https://t.co/xtwVRWLXi7 https://t.co/LtHMfi3Oyo",2022-03-21 23:15:43,
"@AryGunt @Dennysiregar7 Kan blm mulai baru, perhalatan e formula ibu kota jakarta nah ini jg kebanggaan indonesia l‚Ä¶ https://t.co/nnLjho43AZ",2022-03-21 23:11:10,
"Ketua Fraksi di DPRD DKI Jakarta Achmad Yani.

Penyelenggara¬†Formula E Tidak menggunakan jasa pawang hujan dalam pe‚Ä¶ https://t.co/HyBglTDswF",2022-03-21 23:09:03,
"@CNNIndonesia Fokus dulu dengan pelaksanaan Formula E, apakah bisa digelar atau tidak.
Jangan sampai masa bakti gub‚Ä¶ https://t.co/EdaGOEeYd0",2022-03-21 22:59:12,"Jakarta Selatan, DKI Jakarta"
@Lady_Zeebo Bicara Nasionalisme tapi kelompok kamu juga sama saja selalu mengejek Rencana Perhelatan FORMULA E yang‚Ä¶ https://t.co/Z6GszG5m9v,2022-03-21 22:52:01,
@Pai_C1AB Dia benar Karena air itu masuk ke tanah bukan mengalir ke laut lewat godong‚Äùraksasa‚Ä¶jadi kalo sekarang ba‚Ä¶ https://t.co/ZzsAHYEmKt,2022-03-21 22:50:26,
"Kita tunggu di Formula E pake Pawang gk nih, dan siap¬≤ warga Jakarta utk ngedumel kemacetan krn Jakarta akan maceto‚Ä¶ https://t.co/oB15z4TnsY",2022-03-21 21:00:04,
Wakil Gubernur (Wagub) DKI Jakarta Ahmad Riza Patria menyatakan¬†pembangunan¬†sirkuit Formula E Jakarta sudah mencapa‚Ä¶ https://t.co/03qcpi3rvE,2022-03-21 20:09:03,Indonesia
Balapan Formula E di Jakarta Tak Perlu Pakai Pawang Hujan https://t.co/QeMd6ruj4C,2022-03-21 20:05:02,Jakarta
Legislator DKI Jakarta meyakini pelaksanaan Formula E lebih sukses dibanding MotoGP. #EstiArimiPutri https://t.co/xH3ij0999S,2022-03-21 17:32:02,Indonesia
"@Kimberley20101 FORMULA E hrsnya sudah selesai kalau tdk di Jegal 

Tapi ttp Walau di jegal Res Beres sesuai dgn De‚Ä¶ https://t.co/8qZrclqsNJ",2022-03-21 17:30:57,
"@AnakLolina2 Kasihan amat nih org babu nya anies. Sdh di akherat duluan dia, pdhl formula E di jakarta blm dikenal di dunia.",2022-03-21 16:58:44,serenity
"@Lady_Zeebo Setuju, banyak warga lokal yang jecipratan rezeki juga. Mari kita dukung juga pergelatan Formula E di Jakarta.",2022-03-21 16:45:05,
"Kebenaran selalu menemukan jalanya.
Setuju!
Pengurus gerejaüòÅbelum tentu berpikiran sama dengan para jemaat...

Misa‚Ä¶ https://t.co/Tpn76OO81O",2022-03-21 16:35:25,"Kota Medan, Sumatera Utara"
"kalo mandalika aja rame, harusnya formula E lebih rame lagi, karena terakhir kali hajatan akbar di jakarta ya ketika asian games 2018",2022-03-21 16:30:36,Indonesia
"Gue sih berharap Dukun rara yg katanya IT WORKED  di #IndonesianGP go to Formula E Pak @aniesbaswedan ,supaya makin‚Ä¶ https://t.co/dPnXMM4pif",2022-03-21 16:16:34,
"Balapan Formula E Jakarta Dinilai Tak Perlu Pakai Pawang Hujan, Ini Alasannya
https://t.co/1v0Nsm55wU",2022-03-21 16:13:44,
"@Lady_Zeebo Lah emang nanti saat Formula E jadi digelar...( Itu klo jadi ya...) üòÇüòÇ

Indonesia, khususnya jakarta, u‚Ä¶ https://t.co/GjUQvRF1pd",2022-03-21 16:02:59,
"@Lady_Zeebo Ga tau nanti klw formula e sudah ada di jakarta  , apa kasusnya sama dngn yg ada di mandalika, ?? Klw i‚Ä¶ https://t.co/UAR1Hfneag",2022-03-21 15:59:52,
"@Mdy_Asmara1701 Seolah formula e jd harapan jakarta 
. Woyyy banjir gmn ??? 
Dp nol manaaa ? Ok oce manaaaa . Formu‚Ä¶ https://t.co/Uqtl91ppPL",2022-03-21 15:47:24,"Cikampek, Indonesia"
Pembangunan Sirkuit Formula E Jakarta Melibatkan Lebih dari 400 Pekerja Konstruksi - Seputar Cibubur https://t.co/GKnDxsbmR9,2022-03-21 15:29:49,Arundina lurus terus
@_ekokuntadhi Orang kontet mah bebas mau ke akhirat silahkan duluan. Gue mah kudu lihat formula E digelar di Jakarta.,2022-03-21 15:29:35,"Jakarta, Indonesia "
"@Lady_Zeebo Basi narasi pecah belah, nnti formula e di Jakarta mau tau gw lu komen apa",2022-03-21 15:22:43,
"Balapan Formula E Jakarta Dinilai Tak Perlu Pakai Pawang Hujan, Ini Alasannya
https://t.co/neHE48V7dQ",2022-03-21 15:21:35,Indonesia
@Cintada16 Formula E Jakarta Pakai Pawang Rawa !.,2022-03-21 15:20:17,Jakarta-Indonesia
"Kita do'akan sja Formula E berjalan dgn baik. Jika Formula E berhasil, kita turut bangga. Dan anggap saja itu sebag‚Ä¶ https://t.co/7HbWhD6Ax8",2022-03-21 15:17:04,"DKI Jakarta, Indonesia"
"Viral Pawang Hujan di MotoGP Mandalika, Formula E Jakarta Akan Gunakan Juga? Begini Kata Wagub Riza 
#pawanghujan‚Ä¶ https://t.co/472RxVMR47",2022-03-21 15:13:46,"Depok, Jawa Barat"
"Udah engga sabar menanti Formula E , pasti Akan membawa keberkahan untuk Jakarta dan Indonesia. Jakarta semakin maj‚Ä¶ https://t.co/VCID5HOVYF",2022-03-21 15:08:45,"Jakarta, Indonesia"
Pembangunan Sirkuit Formula E Capai 80 Persen https://t.co/R2cnz74JMh,2022-03-21 14:55:25,
@kurawa @jokowi Mau narsis lagi tp maaf Formula E tidak menerima dukun pawang hujan.. Jakarta lebih mengandalkan il‚Ä¶ https://t.co/gmJ4Iqc3qK,2022-03-21 14:54:18,"Pedes, Indonesia"
Wagub DKI Isyaratkan Tak Pakai Pawang Hujan saat Formula E Jakarta https://t.co/PPnkStbAeB,2022-03-21 14:48:58,Jakarta
"Pawang hujan sudah bekerja di MotoGP Mandalika, kita tunggu Pawang Anggaran untuk Formula e Jakarta. https://t.co/ECoGwJZnyK",2022-03-21 14:40:22,"Pematang Siantar, Indonesia"
@keepithink_crab @_ekokuntadhi Kabarnya formula E Jakarta itu bakal dibongkar setelah acara. Kaget kan dengernya?,2022-03-21 14:33:15,
"Wagub DKI: Pembangunan Sirkuit Formula E Jakarta Capai 80%

#inilahcom #inilahdotcom
https://t.co/012bG3piuH",2022-03-21 14:30:00,"Jakarta, Indonesia"
"@denkmit üëçüëçüôèüèªüôå
C U at Jakarta Formula E.",2022-03-21 14:21:05,
"MotoGP Mandalika membutuhkan Pawang hujan....
Formula E Jakarta membutuhkan Pawang buzzer.....@dennyindrayana‚Ä¶ https://t.co/SSB8x8IlfL",2022-03-21 14:12:03,Jakarta Indonesia
"Lintasan balap Formula E akan terus dipertahankan meski acaranya telah berakhir. Dengan begitu, Ancol bisa menjadi‚Ä¶ https://t.co/C72LqMsPLW",2022-03-21 14:11:15,
"@Dennysiregar7 @SBYudhoyono Ahhh monyong 
Bknya migor yg lu Taekin ...
Masalah dukun LG
MotoGP klo engga formula E‚Ä¶ https://t.co/wezDEsImcj",2022-03-21 14:09:43,
"Menyontoh Sukses MotoGP Mandalika, GenPi DKI Serukan Warga Jakarta Sukseskan Formula¬†E https://t.co/IwKKst8yU1",2022-03-21 14:04:10,
"@pksejahtera Yang Penting, Jakarta Tetap Akan Tenggelam. Formula E Gak Sukses. https://t.co/P7jw2NSJO1",2022-03-21 14:02:43,
"Sebut MotoGP Mandalika perlu Pawang Hujan  PSI : Formula E Jakarta Perlu Pawang Anggaran utk usir tuyul..
Kalo itu‚Ä¶ https://t.co/XN0444R9fl",2022-03-21 13:52:23,"DKI Jakarta, Indonesia"
@KangNanooo Wow pembalap Formula 1 pindah ke Formula E ... Sadis ... Formula E #the Great Racing on the World in Ja‚Ä¶ https://t.co/SfdR83iVI0,2022-03-21 13:49:26,DKI Jakarta
"Baru tau!
Ternyata Formula E bukan dilaksanakan di Jakarta tapi di Akherat.  Jadi yg mau nonton silahkan ke akhirat‚Ä¶ https://t.co/k2xrUim5Gq",2022-03-21 13:46:56,Diantara kamu dan dia 
"4. Terkait penggunaan jasa Pawang Hujan, Wakil Gubernur DKI Jakarta Ahmad mengatakan, akan disesuaikan dengan balap‚Ä¶ https://t.co/nq1El3etXi",2022-03-21 13:40:14,Jakarta
"@JsDeyz_2 @MotoGP Soal wagub jkt lu baca aje beritanya

https://t.co/seK6I7hlzZ",2022-03-21 13:39:32,"Jakarta Capital Region, Indone"
lagi dengan penyelenggaraan event Jakarta Formula E. Citra yang baik untuk bisa membawa Indonesia menjadi tuan ruma‚Ä¶ https://t.co/pYWnCEcNYG,2022-03-21 13:27:16,
"Kita boleh berbeda pandangan politik
tetapi sebagai WNI harusnya kita bangga, pagelaran motogp mandalika kemarin be‚Ä¶ https://t.co/CtB5j8Xifx",2022-03-21 13:17:21,
Ketua Fraksi PKS DPRD DKI Jakarta Achmad Yani tak ingin penyelenggaraan Formula E di Jakarta menggunakan jasa pawan‚Ä¶ https://t.co/osu3uDfcwJ,2022-03-21 13:10:47,Indonesia
"@CNNIndonesia Kalo tuh jadi ada event formula E bulan Juni, emang di bulan Juni lnagit jakarta ujan?
Yg bener aja drun...",2022-03-21 13:08:13,"Banten, Indonesia"
"@kurawa @korantempo Saya sebenarnya juga masih bingung, di jakarta sudah ada sirkuit sentul kok buat lagi sirkuit F‚Ä¶ https://t.co/hodqMYAENI",2022-03-21 12:59:37,"Nusa Tenggara Timur, Indonesia"
@Dennysiregar7 @kumparan apalagi formula E lebih parah yg blum tentu jadi event nya digelar. mendingan dana nya bua‚Ä¶ https://t.co/qYPxAr4rVI,2022-03-21 12:32:02,Dukuhlo_Bulakamba-brebes
"Progres pengaspalan tahap pertama pembangunan lintasan Formula E di kawasan Ancol, Pademangan, Jakarta Utara telah‚Ä¶ https://t.co/A38gA6cTT6",2022-03-21 12:29:00,Jakarta
Formula E kolaborasi dengan penyelenggara MotoGP Mandalika https://t.co/1AjThwdFBF,2022-03-21 12:25:36,
Wagub DKI Riza Patria berharap Formula E Jakarta juga berjalan dengan sukses seperti MotoGP Mandalika. #TempoMetro https://t.co/xBWWw6WLeb,2022-03-21 12:21:20,Indonesia
@n1ckeff Keren banget... kalo formula E jakarta kira2 berapa seri yah....berharap lebih 1 seri....,2022-03-21 12:13:31,
"Suka2 pemprov Jakarta aja deh. dari dulu gak jauh2 dari ""akhirat"" . Kita tunggu aja gimana jadinya gelaran Formula E https://t.co/YSUSFRrrFh",2022-03-21 12:09:20,
Wagub DKI: Progres Pembangunan Sirkuit Formula E Capai 80 Persen https://t.co/JPAQcQjFM5,2022-03-21 12:07:32,"Jakarta, Indonesia"
PT Jakarta Propertindo (Jakpro) optimistis sirkuit Formula E di Ancol bakal rampung akhir Maret atau paling lambat‚Ä¶ https://t.co/Yx3seJlhWl,2022-03-21 12:02:02,Indonesia
@denkmit Next.. Formula E on Jakarta..,2022-03-21 12:01:54,
@FirzaHusainID @erickthohir Wow pembalap Formula 1 pindah ke Formula E ... Sadis ... Formula E #the Great Racing on‚Ä¶ https://t.co/tddqvxZELC,2022-03-21 11:58:29,DKI Jakarta
@DarulDharul @Dhar3M @editya77 @ilhamjati4 @Pai_C1AB @jakprogroup @Roni_ASC @TintonSuprapto_ @dprddkijakarta‚Ä¶ https://t.co/01nGNESgg2,2022-03-21 11:47:46,russia
@triliuner007 @Dhar3M @editya77 @ilhamjati4 @Pai_C1AB @jakprogroup @Roni_ASC @TintonSuprapto_ @dprddkijakarta‚Ä¶ https://t.co/uVL80LkXs6,2022-03-21 11:45:19,DKI Jakarta
Wagub DKI: Pengaspalan Sirkuit Formula E Selesai Tinggal Penanaman Rumput di Jalur https://t.co/HhztVqxcLE,2022-03-21 11:43:04,Indonesia
Wakil Gubernur DKI Jakarta Ahmad mengatakan akan menggunakan jasa pawang hujan untuk ajang balapan Formula E. Namun‚Ä¶ https://t.co/b4gIRDAURG,2022-03-21 11:33:41,Jakarta
waduh kalo formula e dgn perencanaan abal2. berapa kerugian negaranya pak? kasian warga jakarta kalo terlalu banyak‚Ä¶ https://t.co/z9LdrKA42q,2022-03-21 11:24:43,
@marufsirojudin1 @satriadjenar @fauzanindonisi @BocahArusBawah @Mdy_Asmara1701 @fpdip_jakarta @PDI_Perjuangan‚Ä¶ https://t.co/ULm6OWV9nr,2022-03-21 11:24:09,DKI Jakarta
@Dhar3M @editya77 @ilhamjati4 @triliuner007 @Pai_C1AB @jakprogroup @Roni_ASC @TintonSuprapto_ @dprddkijakarta‚Ä¶ https://t.co/lj1JTL82yu,2022-03-21 11:23:29,DKI Jakarta
@triliuner007 @satriadjenar @Dhar3M @editya77 @ilhamjati4 @Pai_C1AB @jakprogroup @Roni_ASC @TintonSuprapto_‚Ä¶ https://t.co/UZ0VFckRqb,2022-03-21 11:22:12,DKI Jakarta
"Pembangunan sirkuit Formula E di kawasan Ancol, Jakarta Utara telah selesai untuk pengaspalan tahap pertama.
Penana‚Ä¶ https://t.co/BwpjbaPiQv",2022-03-21 11:02:37,
"@TsamaraDKI wajar kok ada yg merasa malu karena gak lazim ketika balapan moto gp
klo km sudutkan org yg malu kebara‚Ä¶ https://t.co/Rnj1lSdbkM",2022-03-21 10:52:48,
Progres Pembangunan Sirkuit Formula E Jakarta Diungkap Ahmad Riza Patria https://t.co/S19QysKP6I,2022-03-21 10:43:33,"Bandung, Jawa Barat"
"Juru bicara Dewan Pimpinan Pusat (DPP) Partai Solidaritas Indonesia (PSI), Sigit Widodo menyebutkan terdapat persam‚Ä¶ https://t.co/tybHWZROQT",2022-03-21 10:38:45,Indonesia
Pemilihan waktu Formula E Jakarta disesuaikan bukan di musim hujan. https://t.co/oS6HUXoLXR,2022-03-21 10:19:03,"Jakarta, Indonesia"
@firzahusainInc Nich biar ente tahu siapa Pembalap terkenal Formula E #The Great Racing on the World in Jakarta soo‚Ä¶ https://t.co/G9QCjwKcka,2022-03-21 10:01:43,DKI Jakarta
"Pembangunan sirkuit Formula E di kawasan Ancol, Jakarta Utara telah selesai untuk proses pengaspalan tahap pertama.‚Ä¶ https://t.co/kHW1lhHfal",2022-03-21 10:00:11,
"""Saya kira itu memang harus disesuaikan dengan musimnya. Kalau musim hujan, bagaimana cara kami mengelola dengan ba‚Ä¶ https://t.co/NbQGd9o11l",2022-03-21 09:59:24,NKRI
"@Taufik_hdyat28 @tvOneNews FORMULA E 4,5 TRILIUN UANG RAKYAT JAKARTA. SUMUR RESAPAN MUBAZIR 450 MILYAR",2022-03-21 09:40:19,
Apakah Jakarta akan pakai pawang hujan Mbak Rara untuk Formula E? #kumparanNEWS https://t.co/uinWnBkv7G,2022-03-21 09:20:13,
Formula E Jakarta akan digelar bulan Juni mendatang. Apakah nanti akan ada pawang hujan? https://t.co/ortG7hwpic,2022-03-21 09:20:13,"Jakarta, Indonesia"
@fahiraidris @Kemendag Bun .. Di Tweter lagi ramai Petugas Kebersihan Mandalika Komplen Penonton yg ninggalin Sampa‚Ä¶ https://t.co/D5KwfON7dz,2022-03-21 09:13:05,
Elite PSI pun ikut menanggapi dengan menyinggung ajang Formula E yang digelar di Jakarta pada Juni 2022. Juru bicar‚Ä¶ https://t.co/5YsiQ9SaS5,2022-03-21 09:00:35,
@GeiszChalifah Bang Masalah Sampah setelah Efen Formula E tolong di Konsentrasiin Panitia dan Cari Solusi sekaligus‚Ä¶ https://t.co/fNKFrmdkqc,2022-03-21 08:58:34,
"Wakil Gubernur DKI Jakarta Ahmad mengatakan, penggunaan jasa pawang hujan akan... https://t.co/xB3wxEnuq8",2022-03-21 08:44:40,Jakarta
"@Muhammad_Getar Trimakasih Saudara ku Evaluasi nya ,sya yaqin krn ini kecintaan Pda Konsep budaya bagus di Indonesi‚Ä¶ https://t.co/BoMtRtmT8Y",2022-03-21 08:44:22,
Ketua Fraksi PDI Perjuangan DPRD DKI Jakarta Gembong Warsono menilai penyelenggaraan Formula E tak perlu memakai pa‚Ä¶ https://t.co/eojVbsqG76,2022-03-21 08:26:02,Indonesia
"@tatakujiyati Kalau akau, bangga akan ke2nya  Mandalika target dan pasarnya adalah untuk Pariwisata dgn keindahan a‚Ä¶ https://t.co/K1cESzfcQf",2022-03-21 08:24:27,
"Orang2 ribut bgt bandingin GP Mandalika sama Formula E Jakarta. Padahal Pak Jokowinya setuju sama Formula E, Pak An‚Ä¶ https://t.co/dQokMKDTcH",2022-03-21 08:16:29,Manhattan-NY
Apa Kabar Formula E di Jakarta 2022? https://t.co/wRMPvJ8hq9,2022-03-21 07:52:01,South Wakanda
"@_ekokuntadhi Kira2 nnti pak jokowi kaget ngak ya, formula E berlangsung di jakarta https://t.co/hhxXMgF7Y2",2022-03-21 07:41:25,"DKI Jakarta, Indonesia"
@Gensar_tpbolon Sekda Syaifullah sudah berangkat menghadap illahi... mengabarkan kepada penduduk akhiirat tentang F‚Ä¶ https://t.co/r3Ok6GVqrY,2022-03-21 07:37:13,"Cengkareng, Indonesia"
"Gk akan ada komentar ttg formula e kok dari netizen.
Lha buat apa coba.
Biarkan saja jadi catatan sejarah buat pemp‚Ä¶ https://t.co/ibdYLrjkAy",2022-03-21 07:20:05,jogja
"Lupakan kontroversi mba Rara dgn tetabuhan panci emas beliau, kini saatnya kita berharap momen sukses internasional‚Ä¶ https://t.co/5HpLmFKUup",2022-03-21 07:19:06,Jakarta - Indonesia
"Ketua Komite Pelaksana Formula E Jakarta, Ahmad Sahroni mengatakan, pembangunan sirkuit Formula E di kawasan Ancol,‚Ä¶ https://t.co/IvKfX6MVjS",2022-03-21 07:15:14,Jl. Kebahagiaan No.4-14Jakarta
"Nama Anies Terseret, PSI: MotoGP Perlu Pawang Hujan, Formula E Jakarta Butuh... https://t.co/H3OwEk0GOM",2022-03-21 07:14:18,Jakarta
Ketua Fraksi PKS DPRD DKI Jakarta Achmad Yani mengaku dirinya tak ingin penyelenggaraan Formula E di Jakarta menggu‚Ä¶ https://t.co/jQTa1rSepP,2022-03-21 07:05:26,Indonesia
"Pembangunan Sirkuit Formula E Jakarta, Pengaspalan Tahap Satu Rampung https://t.co/mHNMdPYycO",2022-03-21 06:27:02,
Juru bicara DPP Partai Solidaritas Indonesia (PSI) Sigit Widodo mengungkap persamaan antara perhelatan MotoGP di Ma‚Ä¶ https://t.co/Ss5tbXNGyU,2022-03-21 06:04:02,Indonesia
"üòÄüòÄPawang AnggaranüòÄüòÄ??
Menusuk hati, menikam rasa, menohok...mak Jleeb...!!! https://t.co/xokl7KJphS",2022-03-21 06:02:22,
@sungganteng La iya Dok.. petani kita aja kekeringan malah minta hujan..  ada doanya juga ada sholatnya... Kok bisa‚Ä¶ https://t.co/r5qesjzk9o,2022-03-21 05:57:38,
"Ternyata saat Anies Baswedan beredar di Mandalika dan ikut menonton MotoGP, bikin para buzzeRP kejang-kejang.
Mudah‚Ä¶ https://t.co/3PSX1p39Uw",2022-03-21 05:46:16,
"@kurawa @jokowi Sepertinya event formula e sengaja dibikin gagal oleh Anis, dunia tau nya itu event negara bukan Ja‚Ä¶ https://t.co/bpPv0npLeg",2022-03-21 05:37:17,Worldwide
@NdrewsTjan Tergantung dari lingkup liputan dan gebyarnya... kalo lingkupnya hanya seputar warga DKI Jakarta nggak‚Ä¶ https://t.co/RyQf5vh3HH,2022-03-21 05:29:07,
"Balapan Formula E Jakarta di ramal akan menggemparkan dunia akhirat.

Pincuk,marai duguyu ae üòÉü§≠ https://t.co/iyxZFJJDkI",2022-03-21 05:15:26,Belgorod
"@kinniku_man @arissuwandi @pramono139 @IsmailBhakti @kurawa @ewinwinarti @jokowi https://t.co/Ptz4CY9IOc

kalo ngik‚Ä¶ https://t.co/D9rFxTOEEC",2022-03-21 04:58:25,
@kurawa @jokowi Bukan nya formula E bermasalah yah di Jakarta?? Klo pak de ikut ngebantu nanti yg ada kena jebakan Batman dong?,2022-03-21 04:50:45,"Karawang, Jawa Barat"
"@kurawa @jokowi Krn Formula E sukses Indonesia bangga , bukan cuma Jakarta atau sekelompok orang",2022-03-21 04:49:54,indonesia
"Di era SBY sirkuit Sentul dua kali dipakai dlm ajang balap mobil A1 pada musim balap 2005/6 dan 2006/7

Berikutnya‚Ä¶ https://t.co/2Nc7K1CEgg",2022-03-21 04:49:08,"Jakarta, Indonesia"
"Event MOTOGP Pertamina Grand Prix Of Indonesia 2022 Di Pertamina Mandalika Street Sircuit Suksesüëèüèº‚ú®
Selanjutnya Eve‚Ä¶ https://t.co/HlucY5emFY",2022-03-21 04:47:47,INDONESIA
"@djody_surya26 @firzahusainInc Formula E terkenal
Tp org Jakarta lbh kenal (dan inget) sama janji pemodalan Oke Oce‚Ä¶ https://t.co/MEv2qNhsI7",2022-03-21 04:44:30,"Jakarta Capital Region, Indone"
"@BEMUI_Official Ya mahasewa beraksi lagi, korupsi DP 0 rupiah &amp; formula e buat rakyat miskin jakarta bertambah &amp; ba‚Ä¶ https://t.co/anYp6RRonk",2022-03-21 04:40:16,
"@_ekokuntadhi @Andrew__Surya Dilema formula e wan got, mau pakai pawang hujan gak akan berhasil, pawangnya baru mau‚Ä¶ https://t.co/L401XCkIRy",2022-03-21 04:20:33,
"@MotoGP #Mandalika Sudah berakhir, Saatnya menyambut Balapan formula E di jakarta. Harapan anda ? @aniesbaswedan @FIAFormulaE 
@DKIJakarta",2022-03-21 04:14:21,
"KPK tegaskan tak main- main usut dugaan korupsi formula E jakarta
#KPKProject https://t.co/KuHRrYHXT6",2022-03-21 04:14:16,
Disewakan Apartemen St. Moritz Puri Indah Jakarta Barat - Tower Presidential 3 Bedrooms Fully Furnished‚Ä¶ https://t.co/Ge28sZVrX4,2022-03-21 04:04:51,"Jakarta Capital Region, Indone"
Sewa apartemen Sudirman Park Jakarta Pusat murah tipe studio/1BR/2BR full furnished langsung pemilik tanpa perantar‚Ä¶ https://t.co/7EPNn9HyjE,2022-03-21 03:53:58,"Jakarta Capital Region, Indone"
"Live Event Formula E Jakarta.

gak pake hujan, gak pake pawang!

https://t.co/TIq7e16xYR",2022-03-21 03:51:00,"West Borneo, Indonesia"
Tahun depan Ada E FORMULA di jakarta...... ü§î penontonnya lebih banyak mana nih???? @KRMTRoySuryo2 ...... Tahun depa‚Ä¶ https://t.co/68nwYKhMwn,2022-03-21 03:48:27,"Florida, USA"
@kesittt Kira2 sirkuit formula e tar tengah2nya dilubangi gede2 ga buat sumur resapan kayak dijalanan di kampung jakarta,2022-03-21 03:44:00,
"PSI: MotoGP Perlu Pawang Hujan, Formula E Jakarta Butuh Pawang Tuyul https://t.co/t6EkCFpsDR",2022-03-21 03:35:45,Jakarta
"@Babi_TIDAKHARAM @mickeynasution Kita lihat nanti ketika JIS diresmikan dan event formula E berlangsung, apakah mas‚Ä¶ https://t.co/0Y6IILcwmQ",2022-03-21 03:35:26,
"Formula E Jakarta perlu juga Pawang Anggaran, masalahnya tuyul¬≤ Formula E itu rata - rata misterius üòÖüòÖ https://t.co/1tKKg0kYfy",2022-03-21 03:33:57,
"PSI: MotoGP Perlu Pawang Hujan, Formula E Jakarta Butuh Pawang Tuyul https://t.co/OmZNsGFksv",2022-03-21 03:25:11,Jakarta
"Fix ya, Formula E gak jadi tahun 2024 di Jakarta üòâüòâ https://t.co/tobiyTMZFv",2022-03-21 03:23:43,
@jayusman92 @CNNIndonesia sakit hati 2 taon gagal mulu pengen nonton formula e jakarta,2022-03-21 03:19:42,NKRI garis keras
"Sebuah pengalaman untuk event¬≤ besar lainnya. Berikutnya Formula E, jgn sampe kayak begini panitianya. 
Agar nantin‚Ä¶ https://t.co/ZclHLikWwo",2022-03-21 03:18:37,
@aniesbaswedan @MotoGP Smoga formula E Jakarta juga sukses pak,2022-03-21 03:01:25,Di hatimu
"Jakarta vs Everybody ‚ù§Ô∏è
.
.
üî• Premium Tumbler
üî¥ ONE DAY SERVICE
üì±0895-0565-7923
üí∞ GARANSI 100%
.
.
.
#jakartahits‚Ä¶ https://t.co/kUbTCSwTgG",2022-03-21 02:46:17,INDONESIA
"Perlu diperbaiki pengaturan lalu lintas dan bus cadangan di Mandalika. 

Semoga jakarta bisa selenggarakan formula‚Ä¶ https://t.co/33T5tNyvgB",2022-03-21 02:45:17,Chelsea Real Madrid ManUtd Mou
@aniesbaswedan @MotoGP Mantappp pak! Bawa Formula 1 maen ke Jakarta pak abis formula E,2022-03-21 02:38:46,
"Menghitung hari ...!!

Molornya pembangunan sirkuit Formula E di Jakarta

Kontrak berakhir tgl 28 Maret 2022, waktu‚Ä¶ https://t.co/t4pEtFiWMQ",2022-03-21 02:34:02,Indonesia üáÆüá©
Juru bicara DPP PSI Sigit Widodo mengatakan warga Jakarta memerlukan pawang anggaran untuk mengusir tuyul-tuyul yan‚Ä¶ https://t.co/O4e07nTJGs,2022-03-21 02:30:00,Indonesia
"@Arfannn1 @kurawa @jokowi Sejak kapan BSD masuk wilayah Jakarta???ü§£ü§£ü§£
Bener kata Kapolda NNTI akan di siap kan trek‚Ä¶ https://t.co/RX9JYuMDrT",2022-03-21 02:19:51,"Jakarta Barat, DKI Jakarta"
@BahasaHati6 halu @korantempo apakabar artikelmu kmaren? formula E jakarta gimana update beritanya? kerja yg bener dong jurnalisnyaüòÅ,2022-03-21 02:18:20,"√úT: -6.221759,106.825376"
@Dennysiregar7 @kumparan Formula E juga jangan dinyinyirin krn akan membangkitkan ekonomi di Jakarta  khususnya..,2022-03-21 02:02:36,
"PSI Menyindir, Katanya MotoGP Perlu Pawang Hujan, Formula E Jakarta Butuh Pawang Anggaran Usir Tuyul‚Ä¶ https://t.co/cUxMeNIaeW",2022-03-21 02:00:46,"Jakarta, Indonesia"
@marlina_idha Apakah formula E sudah selesai digelar di Jakarta  ????,2022-03-21 01:44:49,
"@Mdy_Asmara1701 Super kreen, jangan lupa event berikutnya yakni Formula E di jakarta. Gaungkan tagar‚Ä¶ https://t.co/IigVmCmJmb",2022-03-21 01:32:43,lombok island
@prayogayuliano @mikefilletti @denkmit Lah kalo tdk diklaim terus apa dasar asumsi anda kalo dibangun di Jakarta An‚Ä¶ https://t.co/T6ivmuy4fQ,2022-03-21 01:29:04,
"Pagii Senin Jakarta ke Bogor Menuju Puncak via Tol Jagorawi Terbaru Maret 2022, gegara nonton #ElClasico Barcelona‚Ä¶ https://t.co/sAGYK2mARP",2022-03-21 01:27:57,"Jakarta Timur, DKI Jakarta"
"@pakarkampanye Sehat sllu pak Anies semoga sllu di lindungi Allah, SWT,kita sllu dukung kegiatan nya semoga sukses‚Ä¶ https://t.co/OgSX4MKDic",2022-03-21 01:26:36,üá®üá¶üåè
"Sejak awal perencanaan Formula E, tuyul-tuyul sudah mengganggu uang rakyat

""Warga Jakarta perlu pawang anggaran un‚Ä¶ https://t.co/e0uiZRNoqR",2022-03-21 01:12:41,"√úT: 55.753181,37.618633"
"MotoGP di Sirkuit Mandalika dan Formula E di Jakarta sama-sama memerlukan pawang.

‚ÄúKalau MotoGP perlu pawang hujan‚Ä¶ https://t.co/0O7XrKYDVa",2022-03-21 01:09:11,"√úT: 55.753181,37.618633"
"@kurawa @jokowi Formula E, aroma Mark-Up nya kenceng, Mas.
Kalau Jokowi ikut bantu, kesenangan Gubernur Jakarta yan‚Ä¶ https://t.co/bsY6aq2BQB",2022-03-21 00:58:12,cimahi
Perhelatan MotoGP Mandalika terbilang sukses meskipun kurang meriah karena Marc Marquez tidak ikut balapan. Tapi cu‚Ä¶ https://t.co/HZyqypSMrj,2022-03-21 00:47:31,
"Abis MotoGP Mandalika ada Formula E di Jakarta. Yuk kita dukung, sama-sama bawa nama Indonesia üáÆüá©

Tinggal dicek aj‚Ä¶ https://t.co/ZKOF1iW72Q",2022-03-21 00:42:02,"Jakarta, Indonesia"
"Kabar terbaru pembangunan sirkuit Formula E di kawasan Ancol, Jakarta Utara. Catat tanggalnya ya. #SirkuitFormulaE https://t.co/Hk9YmGzBqJ",2022-03-21 00:23:03,Indonesia
@ruhutsitompul Formula e nanti lebih keren deh ... Siapa dulu gubernurnya ....  Penonton bakal  tumpah ruah di jaka‚Ä¶ https://t.co/Qqdn1dhUxx,2022-03-21 00:16:34,
"Mantab pak Anies. üëè
Berikutnya tunggu sejarah gelaran Formula E di Jakarta. üëå

Seharusnya pendukung bapak malu sete‚Ä¶ https://t.co/dOakAkrwTe",2022-03-21 00:11:23,
"MotoGP sukses, kita saksikan Formula E selanjutnya ... Kita harus banyak banyak berdo'a, minimal Jakarta bisa menya‚Ä¶ https://t.co/rJH5P6OyUi",2022-03-21 00:04:19,
@nursalr @Belok_dong Gak sih bro kita yakin formula e itu jadi maen di jakarta tapi pertanyaanya ada yg nonton gak‚Ä¶ https://t.co/K7DFDTwdHs,2022-03-20 23:30:33,Kartasura hadiningrat
"@Belok_dong @nursalr Ah gak malu,yang malu itu jakarta sama gubernurnya yang maksa gelar formula e.Dalam waktu 2 ta‚Ä¶ https://t.co/FFrors3VVC",2022-03-20 23:21:14,
"Sebut MotoGP Mandalika Perlu Pawang Hujan, PSI: Formula E Jakarta Perlu Pawang Anggaran untuk Usir Tuyul https://t.co/S0ZCXR19HT",2022-03-20 23:10:05,
Heran apa untungnya membanding2kan F1 mandalika sama Formula E Jakarta..dua2nya berpotensi secara ekonomi dan branding nama negara..,2022-03-20 18:18:12,Jkt-Bjm-Jogja-Batam
Debat-debat tolol itu pasti akan tetap berlanjut sampe Formula E di Jakarta nanti. Capek bgt liatnya.,2022-03-20 17:27:36,Indonesia
"@ernestprakasa Doakn dan smangati juga bg. 
Smoga trsmogakan
*Formula E jakarta
*Formula 1 d bintan 
*kabarnya akan‚Ä¶ https://t.co/biJDXSguCq",2022-03-20 17:26:29,pulau kodomo
"@jokowi Smoga tahun2 brikutnya bisa lebih baik lagi paküôèüôè. 
Indonesia bisaüí™üí™
Smakin byk event internasional di indo‚Ä¶ https://t.co/xGsarzXIlE",2022-03-20 17:08:35,pulau kodomo
"@Rexa95320619 @niniqwahyuni @Aprillia_MAN @DokterTifa Yg usik buadaya org siapa ??
Mslh pawang hujan, kepercayaan o‚Ä¶ https://t.co/igFLy7xPLK",2022-03-20 16:13:06,"Brisbane, Queensland"
"Padahal pemerintah juga mendorong Formula E, FE atau MotoGP sama-sama nguntungin buat Indonesia itu sendiri padahal‚Ä¶ https://t.co/LHbDL7ftFZ",2022-03-20 15:48:22,"Bandung, Jawa Barat, Indonesia"
